target,predicted
1.0,0.24988556
1.0,0.31509575
1.0,0.32555223
1.0,0.50990516
1.0,0.63035953
1.0,0.53863066
1.0,0.7109814
1.0,0.7109814
1.0,0.73533595
1.0,0.69752914
1.0,0.78411674
1.0,0.78411674
1.0,0.78411674
1.0,0.78411674
1.0,0.78411674
1.0,0.78411674
1.0,0.78411674
1.0,0.80880684
1.0,0.7604231
1.0,0.7531217
1.0,0.31969246
1.0,0.577304
1.0,0.31373477
1.0,0.39559057
1.0,0.57446533
1.0,0.57446533
1.0,0.57446533
1.0,0.57446533
1.0,0.7917677
1.0,0.8092946
1.0,0.6771008
1.0,0.56942165
1.0,0.7933015
1.0,0.67843896
1.0,0.75645787
1.0,0.8105249
1.0,0.85593116
1.0,0.85593116
1.0,0.85593116
1.0,0.85593116
1.0,0.85593116
1.0,0.85593116
1.0,0.85593116
1.0,0.85593116
1.0,0.85593116
1.0,0.85593116
1.0,0.85593116
1.0,0.85593116
1.0,0.6476845
1.0,0.6760942
1.0,0.6448514
1.0,0.52135515
1.0,0.72160184
1.0,0.7019596
1.0,0.7019596
1.0,0.7019596
1.0,0.7019596
1.0,0.7019596
1.0,0.7019596
1.0,0.7019596
1.0,0.5214376
1.0,0.65011406
1.0,0.46157756
1.0,0.57936126
1.0,0.57035
1.0,0.6095449
1.0,0.8222422
1.0,0.8929196
1.0,0.93048024
1.0,0.9313549
1.0,0.9313549
1.0,0.9313549
1.0,0.5108799
1.0,0.38869935
1.0,0.3570576
1.0,0.36472982
1.0,0.35927415
1.0,0.6062659
1.0,0.6062659
1.0,0.6062659
1.0,0.6062659
1.0,0.6062659
1.0,0.6771899
1.0,0.66492254
1.0,0.45602217
1.0,0.5110037
1.0,0.7459126
1.0,0.7539624
1.0,0.7486115
1.0,0.7816869
1.0,0.7493731
1.0,0.8959309
1.0,0.7535053
1.0,0.7604838
1.0,0.8536064
1.0,0.8773653
1.0,0.8847184
1.0,0.8615532
1.0,0.7390437
1.0,0.8272781
1.0,0.77378136
1.0,0.9173545
1.0,0.9173545
1.0,0.9173545
1.0,0.9173545
1.0,0.9173545
1.0,0.9173545
1.0,0.9173545
1.0,0.9173545
1.0,0.9173545
1.0,0.9173545
1.0,0.9173545
1.0,0.9173545
1.0,0.9173545
1.0,0.9173545
1.0,0.9173545
1.0,0.9173545
1.0,0.9173545
1.0,0.8182421
1.0,0.8182421
1.0,0.8182421
1.0,0.8182421
1.0,0.4707601
1.0,0.5810605
1.0,0.51242816
1.0,0.6113153
1.0,0.70771605
1.0,0.70771605
1.0,0.70809287
1.0,0.7656695
1.0,0.5389114
1.0,0.49687338
1.0,0.51863277
1.0,0.830924
1.0,0.8325566
1.0,0.8325566
1.0,0.8325566
1.0,0.8325566
1.0,0.8325566
1.0,0.8325566
1.0,0.8325566
1.0,0.8325566
1.0,0.8325566
1.0,0.8325566
1.0,0.8325566
1.0,0.5984289
1.0,0.8429837
1.0,0.8693871
1.0,0.5640886
1.0,0.76593727
1.0,0.4741802
1.0,0.4741802
1.0,0.5233021
1.0,0.38920605
1.0,0.2712115
1.0,0.32060233
1.0,0.63590765
1.0,0.69921255
1.0,0.6526487
1.0,0.6336484
1.0,0.62412435
1.0,0.7829946
1.0,0.7829946
1.0,0.7829946
1.0,0.7829946
1.0,0.7829946
1.0,0.7829946
1.0,0.7829946
1.0,0.6661923
1.0,0.44258475
1.0,0.92493963
1.0,0.95118713
1.0,0.9274019
1.0,0.9274019
1.0,0.9274019
1.0,0.9274019
1.0,0.9274019
1.0,0.9274019
1.0,0.9274019
1.0,0.9274019
1.0,0.9274019
1.0,0.9274019
1.0,0.9274019
1.0,0.94262296
1.0,0.892607
1.0,0.9263557
1.0,0.9286316
1.0,0.8748287
1.0,0.94592726
1.0,0.9118209
1.0,0.78111064
1.0,0.7859678
1.0,0.5595724
1.0,0.80593926
1.0,0.80593926
1.0,0.80593926
1.0,0.80593926
1.0,0.80593926
1.0,0.6643479
1.0,0.6643479
1.0,0.6643479
1.0,0.6643479
1.0,0.63519764
1.0,0.49234444
1.0,0.49510595
1.0,0.5064507
1.0,0.48009995
1.0,0.8728229
1.0,0.8728229
1.0,0.8728229
1.0,0.8728229
1.0,0.8733981
1.0,0.86600405
1.0,0.86549234
1.0,0.774838
1.0,0.7934636
1.0,0.8090327
1.0,0.80458385
1.0,0.8485291
1.0,0.7959892
1.0,0.8206763
1.0,0.7985037
1.0,0.83862
1.0,0.8033059
1.0,0.7967686
1.0,0.77468574
1.0,0.85335946
1.0,0.85335946
1.0,0.85335946
1.0,0.85335946
1.0,0.85335946
1.0,0.85335946
1.0,0.85335946
1.0,0.85335946
1.0,0.85335946
1.0,0.85335946
1.0,0.85335946
1.0,0.85335946
1.0,0.42596638
1.0,0.3582827
1.0,0.60385376
1.0,0.52385765
1.0,0.55506843
1.0,0.5554272
1.0,0.620224
1.0,0.52172387
1.0,0.35089839
1.0,0.33628532
1.0,0.70145583
1.0,0.59815633
1.0,0.70235044
1.0,0.5397389
1.0,0.56255746
1.0,0.56255746
1.0,0.56255746
1.0,0.56255746
1.0,0.56255746
1.0,0.56255746
1.0,0.56255746
1.0,0.6310342
1.0,0.32437882
1.0,0.59017766
1.0,0.647642
1.0,0.79539615
1.0,0.41848394
1.0,0.59593904
1.0,0.38454017
1.0,0.4150865
1.0,0.48032674
1.0,0.48032674
1.0,0.7653349
1.0,0.69535255
1.0,0.76568407
1.0,0.76568407
1.0,0.8032532
1.0,0.8821061
1.0,0.8821061
1.0,0.73697793
1.0,0.6893035
1.0,0.69881344
1.0,0.78043413
1.0,0.78043413
1.0,0.78043413
1.0,0.78043413
1.0,0.78043413
1.0,0.78043413
1.0,0.78043413
1.0,0.78043413
1.0,0.756157
1.0,0.8208143
1.0,0.82128346
1.0,0.6882396
1.0,0.7338407
1.0,0.810869
1.0,0.27571625
1.0,0.24479061
1.0,0.522317
1.0,0.35094437
1.0,0.6747991
1.0,0.6747991
1.0,0.8086861
1.0,0.77884704
1.0,0.78025216
1.0,0.62354654
1.0,0.8517324
1.0,0.8517324
1.0,0.8517324
1.0,0.8517324
1.0,0.8517324
1.0,0.8517324
1.0,0.8517324
1.0,0.8517324
1.0,0.8517324
1.0,0.8517324
1.0,0.8517324
1.0,0.8517324
1.0,0.8517324
1.0,0.8517324
1.0,0.8517324
1.0,0.8517324
1.0,0.84670293
1.0,0.79382277
1.0,0.8517875
1.0,0.599857
1.0,0.62920946
1.0,0.87230295
1.0,0.85825723
1.0,0.85471815
1.0,0.8523819
1.0,0.77718836
1.0,0.8130869
1.0,0.86744994
1.0,0.9150836
1.0,0.9234855
1.0,0.9007114
1.0,0.9464613
1.0,0.9493438
1.0,0.9493438
1.0,0.9493438
1.0,0.9493438
1.0,0.9493438
1.0,0.9493438
1.0,0.9493438
1.0,0.92094064
1.0,0.8932128
1.0,0.95825356
1.0,0.32546005
1.0,0.3205074
1.0,0.7265128
1.0,0.6848828
1.0,0.81534386
1.0,0.81534386
1.0,0.6756467
1.0,0.6720841
1.0,0.62905717
1.0,0.47117737
1.0,0.64302176
1.0,0.70046234
1.0,0.70046234
1.0,0.70046234
1.0,0.70046234
1.0,0.70046234
0.0,0.3011721
0.0,0.28374487
0.0,0.24480805
0.0,0.20126311
0.0,0.24449319
0.0,0.4143564
0.0,0.27060857
0.0,0.25284037
0.0,0.20639631
0.0,0.21426554
0.0,0.5502279
0.0,0.22211866
0.0,0.4726054
0.0,0.3358722
0.0,0.24135943
0.0,0.31509575
0.0,0.31509575
0.0,0.31509575
0.0,0.31509575
0.0,0.31509575
0.0,0.31509575
0.0,0.31509575
0.0,0.31509575
0.0,0.31509575
0.0,0.31509575
0.0,0.31509575
0.0,0.31509575
0.0,0.31509575
0.0,0.31509575
0.0,0.31509575
0.0,0.31509575
0.0,0.31509575
0.0,0.31509575
0.0,0.31509575
0.0,0.20486282
0.0,0.36989886
0.0,0.3343874
0.0,0.30894005
0.0,0.3077736
0.0,0.32555223
0.0,0.32555223
0.0,0.32555223
0.0,0.32555223
0.0,0.32555223
0.0,0.32555223
0.0,0.32555223
0.0,0.32555223
0.0,0.32555223
0.0,0.32555223
0.0,0.32555223
0.0,0.32555223
0.0,0.32555223
0.0,0.32555223
0.0,0.32555223
0.0,0.32555223
0.0,0.49376923
0.0,0.3231278
0.0,0.24149098
0.0,0.31547913
0.0,0.26165172
0.0,0.2872199
0.0,0.23087372
0.0,0.2458446
0.0,0.25699812
0.0,0.311093
0.0,0.45284247
0.0,0.67610675
0.0,0.63800114
0.0,0.62218994
0.0,0.6872528
0.0,0.51441836
0.0,0.5968356
0.0,0.6886584
0.0,0.58709675
0.0,0.50053895
0.0,0.6865372
0.0,0.4884479
0.0,0.71323085
0.0,0.7109814
0.0,0.7109814
0.0,0.7109814
0.0,0.7109814
0.0,0.7109814
0.0,0.7109814
0.0,0.7109814
0.0,0.7109814
0.0,0.7109814
0.0,0.7109814
0.0,0.7109814
0.0,0.7109814
0.0,0.7109814
0.0,0.7109814
0.0,0.7109814
0.0,0.7109814
0.0,0.7109814
0.0,0.7109814
0.0,0.5808463
0.0,0.72370607
0.0,0.6239899
0.0,0.59064204
0.0,0.71183157
0.0,0.707832
0.0,0.78411674
0.0,0.78411674
0.0,0.78411674
0.0,0.78411674
0.0,0.78411674
0.0,0.78411674
0.0,0.78411674
0.0,0.78411674
0.0,0.78411674
0.0,0.78411674
0.0,0.78411674
0.0,0.78411674
0.0,0.78411674
0.0,0.7270134
0.0,0.69862175
0.0,0.77804476
0.0,0.5961742
0.0,0.57629913
0.0,0.49427074
0.0,0.68799603
0.0,0.7960135
0.0,0.6774535
0.0,0.6595582
0.0,0.7392733
0.0,0.61364007
0.0,0.54794306
0.0,0.49009168
0.0,0.46459714
0.0,0.44327408
0.0,0.5308829
0.0,0.3781857
0.0,0.47147906
0.0,0.5369882
0.0,0.37394345
0.0,0.5218461
0.0,0.37152922
0.0,0.55755156
0.0,0.38413858
0.0,0.58932596
0.0,0.60742944
0.0,0.60742944
0.0,0.60742944
0.0,0.60742944
0.0,0.60742944
0.0,0.60742944
0.0,0.60742944
0.0,0.60742944
0.0,0.60742944
0.0,0.60742944
0.0,0.60742944
0.0,0.60742944
0.0,0.60742944
0.0,0.60742944
0.0,0.60742944
0.0,0.60742944
0.0,0.60742944
0.0,0.60742944
0.0,0.60742944
0.0,0.60742944
0.0,0.6362263
0.0,0.33951685
0.0,0.43495694
0.0,0.47441447
0.0,0.38233745
0.0,0.36851144
0.0,0.4185315
0.0,0.5767176
0.0,0.5769645
0.0,0.4237905
0.0,0.5997382
0.0,0.63087744
0.0,0.59933376
0.0,0.6639073
0.0,0.2939517
0.0,0.57446533
0.0,0.57446533
0.0,0.57446533
0.0,0.57446533
0.0,0.57446533
0.0,0.57446533
0.0,0.57446533
0.0,0.57446533
0.0,0.57446533
0.0,0.57446533
0.0,0.57446533
0.0,0.57446533
0.0,0.57446533
0.0,0.57446533
0.0,0.57446533
0.0,0.57446533
0.0,0.3318149
0.0,0.5804358
0.0,0.69196343
0.0,0.6550514
0.0,0.65670455
0.0,0.630532
0.0,0.5615279
0.0,0.5728044
0.0,0.56230605
0.0,0.62211996
0.0,0.62211996
0.0,0.62211996
0.0,0.62211996
0.0,0.62211996
0.0,0.62211996
0.0,0.62211996
0.0,0.62211996
0.0,0.62211996
0.0,0.62211996
0.0,0.62211996
0.0,0.62211996
0.0,0.62211996
0.0,0.62211996
0.0,0.62211996
0.0,0.62211996
0.0,0.62211996
0.0,0.62211996
0.0,0.62211996
0.0,0.62211996
0.0,0.573907
0.0,0.5451031
0.0,0.6087444
0.0,0.4074171
0.0,0.56374586
0.0,0.5716342
0.0,0.600153
0.0,0.61750644
0.0,0.68349695
0.0,0.5529712
0.0,0.58603084
0.0,0.5137421
0.0,0.60228235
0.0,0.6117526
0.0,0.60159
0.0,0.61711425
0.0,0.6644247
0.0,0.5470099
0.0,0.5924156
0.0,0.6189876
0.0,0.5397984
0.0,0.6498106
0.0,0.5317538
0.0,0.7004226
0.0,0.73976153
0.0,0.59724414
0.0,0.7518513
0.0,0.7518513
0.0,0.7518513
0.0,0.7518513
0.0,0.7518513
0.0,0.7518513
0.0,0.7518513
0.0,0.7518513
0.0,0.7518513
0.0,0.7518513
0.0,0.7518513
0.0,0.7518513
0.0,0.7518513
0.0,0.7518513
0.0,0.7518513
0.0,0.7518513
0.0,0.7518513
0.0,0.61354023
0.0,0.61422396
0.0,0.8519007
0.0,0.8514034
0.0,0.71761584
0.0,0.519979
0.0,0.6000867
0.0,0.45026094
0.0,0.81325567
0.0,0.85507923
0.0,0.85593116
0.0,0.85593116
0.0,0.85593116
0.0,0.85593116
0.0,0.85593116
0.0,0.85593116
0.0,0.85593116
0.0,0.85593116
0.0,0.6542176
0.0,0.6058666
0.0,0.6463669
0.0,0.6463669
0.0,0.6463669
0.0,0.6463669
0.0,0.87365335
0.0,0.88343626
0.0,0.5569233
0.0,0.4468233
0.0,0.5808904
0.0,0.5808904
0.0,0.5808904
0.0,0.5808904
0.0,0.53839535
0.0,0.35999465
0.0,0.55271775
0.0,0.4384039
0.0,0.44882762
0.0,0.60145724
0.0,0.5213625
0.0,0.44514254
0.0,0.5096086
0.0,0.52800435
0.0,0.56237024
0.0,0.52019745
0.0,0.49319205
0.0,0.5992189
0.0,0.5076571
0.0,0.65318596
0.0,0.6448514
0.0,0.6448514
0.0,0.6448514
0.0,0.6448514
0.0,0.6448514
0.0,0.6448514
0.0,0.6448514
0.0,0.6448514
0.0,0.6448514
0.0,0.6448514
0.0,0.6448514
0.0,0.6448514
0.0,0.6448514
0.0,0.6448514
0.0,0.6448514
0.0,0.6448514
0.0,0.6448514
0.0,0.6448514
0.0,0.6448514
0.0,0.65982443
0.0,0.4729549
0.0,0.46674493
0.0,0.7265478
0.0,0.7019596
0.0,0.7019596
0.0,0.7019596
0.0,0.7019596
0.0,0.7019596
0.0,0.7019596
0.0,0.7019596
0.0,0.64868766
0.0,0.629502
0.0,0.6135175
0.0,0.6247595
0.0,0.9019779
0.0,0.86337745
0.0,0.81737685
0.0,0.76614815
0.0,0.84013647
0.0,0.89097434
0.0,0.77787215
0.0,0.75726914
0.0,0.90094674
0.0,0.9313549
0.0,0.9313549
0.0,0.9313549
0.0,0.9313549
0.0,0.9313549
0.0,0.9313549
0.0,0.9313549
0.0,0.9313549
0.0,0.9313549
0.0,0.9313549
0.0,0.9313549
0.0,0.9313549
0.0,0.9313549
0.0,0.9313549
0.0,0.9313549
0.0,0.9313549
0.0,0.9313549
0.0,0.9084771
0.0,0.91402936
0.0,0.82106626
0.0,0.91696596
0.0,0.74192446
0.0,0.928514
0.0,0.46940252
0.0,0.48721033
0.0,0.5108799
0.0,0.5108799
0.0,0.5108799
0.0,0.5108799
0.0,0.5108799
0.0,0.5108799
0.0,0.5108799
0.0,0.5108799
0.0,0.5108799
0.0,0.5108799
0.0,0.5108799
0.0,0.5108799
0.0,0.5108799
0.0,0.5108799
0.0,0.5108799
0.0,0.5108799
0.0,0.5108799
0.0,0.5108799
0.0,0.5108799
0.0,0.52621657
0.0,0.4130754
0.0,0.38200298
0.0,0.36937726
0.0,0.50624394
0.0,0.38642922
0.0,0.4122403
0.0,0.4029308
0.0,0.3882939
0.0,0.39897138
0.0,0.45031354
0.0,0.5201261
0.0,0.43951648
0.0,0.5177894
0.0,0.35141572
0.0,0.23034438
0.0,0.18190806
0.0,0.3611936
0.0,0.3611936
0.0,0.3611936
0.0,0.18219674
0.0,0.5146354
0.0,0.49855486
0.0,0.3710221
0.0,0.24842045
0.0,0.5255591
0.0,0.35909572
0.0,0.26059303
0.0,0.331711
0.0,0.22867022
0.0,0.39337674
0.0,0.4402199
0.0,0.4402199
0.0,0.4402199
0.0,0.4402199
0.0,0.4402199
0.0,0.4402199
0.0,0.4402199
0.0,0.4402199
0.0,0.4402199
0.0,0.4402199
0.0,0.4402199
0.0,0.4402199
0.0,0.4402199
0.0,0.4402199
0.0,0.4402199
0.0,0.48686567
0.0,0.41074395
0.0,0.25891167
0.0,0.7322478
0.0,0.644088
0.0,0.623504
0.0,0.6178377
0.0,0.61798215
0.0,0.8565061
0.0,0.71628135
0.0,0.59225494
0.0,0.8572327
0.0,0.60940397
0.0,0.56252307
0.0,0.72370774
0.0,0.8657039
0.0,0.7146523
0.0,0.8327782
0.0,0.7716342
0.0,0.7716342
0.0,0.7716342
0.0,0.7716342
0.0,0.7716342
0.0,0.7716342
0.0,0.7716342
0.0,0.7716342
0.0,0.7716342
0.0,0.7716342
0.0,0.7716342
0.0,0.7716342
0.0,0.7716342
0.0,0.7716342
0.0,0.7716342
0.0,0.7716342
0.0,0.7716342
0.0,0.7716342
0.0,0.7716342
0.0,0.7716342
0.0,0.7748195
0.0,0.58187485
0.0,0.74796754
0.0,0.2542908
0.0,0.26118666
0.0,0.25045747
0.0,0.43774277
0.0,0.2063446
0.0,0.32706717
0.0,0.32706717
0.0,0.32706717
0.0,0.32706717
0.0,0.32706717
0.0,0.32706717
0.0,0.3427293
0.0,0.86184686
0.0,0.8097726
0.0,0.75698555
0.0,0.63293576
0.0,0.73118687
0.0,0.8186086
0.0,0.8186086
0.0,0.8186086
0.0,0.8186086
0.0,0.8186086
0.0,0.8186086
0.0,0.8186086
0.0,0.8186086
0.0,0.8186086
0.0,0.8186086
0.0,0.8186086
0.0,0.8186086
0.0,0.8186086
0.0,0.7089736
0.0,0.74232817
0.0,0.76395863
0.0,0.82149714
0.0,0.8235288
0.0,0.82506937
0.0,0.5509688
0.0,0.6288231
0.0,0.651006
0.0,0.63937956
0.0,0.7488277
0.0,0.7488277
0.0,0.7488277
0.0,0.7488277
0.0,0.7488277
0.0,0.7488277
0.0,0.7488277
0.0,0.7488277
0.0,0.7488277
0.0,0.7488277
0.0,0.7488277
0.0,0.7488277
0.0,0.7488277
0.0,0.7488277
0.0,0.55666524
0.0,0.55682236
0.0,0.55952704
0.0,0.7237664
0.0,0.49859676
0.0,0.5120892
0.0,0.52340144
0.0,0.49960145
0.0,0.6031976
0.0,0.60756934
0.0,0.8179395
0.0,0.91810894
0.0,0.4831376
0.0,0.41834542
0.0,0.3675087
0.0,0.3397886
0.0,0.4020037
0.0,0.7669849
0.0,0.2846651
0.0,0.6360883
0.0,0.3478223
0.0,0.3904669
0.0,0.83203155
0.0,0.83203155
0.0,0.83203155
0.0,0.83203155
0.0,0.83203155
0.0,0.83203155
0.0,0.83203155
0.0,0.83203155
0.0,0.83203155
0.0,0.83203155
0.0,0.83203155
0.0,0.83203155
0.0,0.83203155
0.0,0.83203155
0.0,0.83203155
0.0,0.83203155
0.0,0.83203155
0.0,0.83203155
0.0,0.83203155
0.0,0.6587097
0.0,0.7909791
0.0,0.6312716
0.0,0.545663
0.0,0.2786551
0.0,0.57153034
0.0,0.76067734
0.0,0.3701873
0.0,0.34161502
0.0,0.37619215
0.0,0.3571649
0.0,0.26650888
0.0,0.53738135
0.0,0.53738135
0.0,0.53738135
0.0,0.53738135
0.0,0.53738135
0.0,0.53738135
0.0,0.53738135
0.0,0.53738135
0.0,0.53738135
0.0,0.53738135
0.0,0.53738135
0.0,0.53738135
0.0,0.53738135
0.0,0.53738135
0.0,0.53738135
0.0,0.53738135
0.0,0.53738135
0.0,0.53738135
0.0,0.53738135
0.0,0.53738135
0.0,0.525261
0.0,0.41236624
0.0,0.5408108
0.0,0.2804483
0.0,0.24890919
0.0,0.6734448
0.0,0.57113177
0.0,0.3127988
0.0,0.3784042
0.0,0.44171688
0.0,0.3939068
0.0,0.31074408
0.0,0.4890468
0.0,0.724854
0.0,0.724854
0.0,0.724854
0.0,0.724854
0.0,0.724854
0.0,0.724854
0.0,0.724854
0.0,0.724854
0.0,0.724854
0.0,0.724854
0.0,0.724854
0.0,0.724854
0.0,0.724854
0.0,0.724854
0.0,0.724854
0.0,0.6506092
0.0,0.500001
0.0,0.4599904
0.0,0.43979636
0.0,0.66717196
0.0,0.35196528
0.0,0.40583384
0.0,0.36854085
0.0,0.7350863
0.0,0.7016517
0.0,0.41800338
0.0,0.70711315
0.0,0.2912106
0.0,0.37361822
0.0,0.36181924
0.0,0.36076546
0.0,0.35036924
0.0,0.33317858
0.0,0.3410548
0.0,0.34923646
0.0,0.3741936
0.0,0.34549117
0.0,0.3243323
0.0,0.41352847
0.0,0.41352847
0.0,0.41352847
0.0,0.41352847
0.0,0.41352847
0.0,0.41352847
0.0,0.41352847
0.0,0.41352847
0.0,0.41352847
0.0,0.41352847
0.0,0.41352847
0.0,0.41352847
0.0,0.41352847
0.0,0.41352847
0.0,0.41352847
0.0,0.41352847
0.0,0.41352847
0.0,0.41352847
0.0,0.41352847
0.0,0.41352847
0.0,0.35955095
0.0,0.3334644
0.0,0.38859096
0.0,0.41462284
0.0,0.36679572
0.0,0.4101152
0.0,0.3513918
0.0,0.33199483
0.0,0.78292155
0.0,0.47479048
0.0,0.6003284
0.0,0.6003284
0.0,0.6003284
0.0,0.6003284
0.0,0.6003284
0.0,0.729257
0.0,0.30984542
0.0,0.3148561
0.0,0.6062659
0.0,0.6062659
0.0,0.6062659
0.0,0.6062659
0.0,0.6062659
0.0,0.6062659
0.0,0.6062659
0.0,0.6062659
0.0,0.6062659
0.0,0.6062659
0.0,0.6062659
0.0,0.6062659
0.0,0.6062659
0.0,0.6062659
0.0,0.6062659
0.0,0.7110268
0.0,0.3767559
0.0,0.46498066
0.0,0.41515473
0.0,0.48156565
0.0,0.55645007
0.0,0.5980667
0.0,0.4791323
0.0,0.3352726
0.0,0.4226461
0.0,0.3387797
0.0,0.5312892
0.0,0.74437076
0.0,0.5799505
0.0,0.47494707
0.0,0.44121876
0.0,0.42441687
0.0,0.66492254
0.0,0.66492254
0.0,0.66492254
0.0,0.66492254
0.0,0.66492254
0.0,0.66492254
0.0,0.66492254
0.0,0.7560584
0.0,0.4142641
0.0,0.5052865
0.0,0.4916073
0.0,0.43030122
0.0,0.43030122
0.0,0.43030122
0.0,0.43030122
0.0,0.43030122
0.0,0.43030122
0.0,0.43030122
0.0,0.43030122
0.0,0.43030122
0.0,0.43030122
0.0,0.43030122
0.0,0.43030122
0.0,0.43030122
0.0,0.43030122
0.0,0.43030122
0.0,0.43030122
0.0,0.43030122
0.0,0.36843747
0.0,0.37615302
0.0,0.43580222
0.0,0.5176844
0.0,0.43646055
0.0,0.4402184
0.0,0.7115703
0.0,0.5164416
0.0,0.4523137
0.0,0.38909674
0.0,0.4498957
0.0,0.42520124
0.0,0.37271997
0.0,0.50118756
0.0,0.42756483
0.0,0.4287653
0.0,0.41255906
0.0,0.36650077
0.0,0.5738006
0.0,0.42225868
0.0,0.58125293
0.0,0.41197714
0.0,0.35031843
0.0,0.76228034
0.0,0.48045775
0.0,0.7922135
0.0,0.7922135
0.0,0.7922135
0.0,0.7922135
0.0,0.7922135
0.0,0.7922135
0.0,0.7922135
0.0,0.7922135
0.0,0.7922135
0.0,0.7922135
0.0,0.7922135
0.0,0.7922135
0.0,0.7922135
0.0,0.7922135
0.0,0.7922135
0.0,0.7922135
0.0,0.7922135
0.0,0.7922135
0.0,0.7922135
0.0,0.4101063
0.0,0.3394509
0.0,0.4453104
0.0,0.3451038
0.0,0.38373935
0.0,0.67455596
0.0,0.49898556
0.0,0.49898556
0.0,0.49898556
0.0,0.49898556
0.0,0.49898556
0.0,0.49898556
0.0,0.5808747
0.0,0.5548753
0.0,0.6049725
0.0,0.4991307
0.0,0.38484627
0.0,0.361587
0.0,0.37931174
0.0,0.41349268
0.0,0.6782715
0.0,0.59100103
0.0,0.46593097
0.0,0.43178898
0.0,0.60828984
0.0,0.6831698
0.0,0.6831698
0.0,0.6831698
0.0,0.6831698
0.0,0.6831698
0.0,0.6831698
0.0,0.6831698
0.0,0.6831698
0.0,0.6831698
0.0,0.6831698
0.0,0.6831698
0.0,0.6831698
0.0,0.6831698
0.0,0.6831698
0.0,0.6831698
0.0,0.6831698
0.0,0.6831698
0.0,0.6831698
0.0,0.6831698
0.0,0.6831698
0.0,0.5624851
0.0,0.57549447
0.0,0.44843662
0.0,0.50350577
0.0,0.4462592
0.0,0.4787504
0.0,0.45206293
0.0,0.53840244
0.0,0.50366354
0.0,0.61430055
0.0,0.6867098
0.0,0.9004567
0.0,0.7218128
0.0,0.93482083
0.0,0.94660467
0.0,0.9462696
0.0,0.90411776
0.0,0.9253393
0.0,0.8957558
0.0,0.95059645
0.0,0.92198616
0.0,0.9040664
0.0,0.915573
0.0,0.8868768
0.0,0.90001553
0.0,0.9180204
0.0,0.9584829
0.0,0.9584829
0.0,0.9584829
0.0,0.9584829
0.0,0.9584829
0.0,0.9584829
0.0,0.9584829
0.0,0.9584829
0.0,0.9584829
0.0,0.9584829
0.0,0.9584829
0.0,0.9584829
0.0,0.9584829
0.0,0.9584829
0.0,0.9584829
0.0,0.9584829
0.0,0.9584829
0.0,0.9584829
0.0,0.9165879
0.0,0.936719
0.0,0.9225201
0.0,0.6113676
0.0,0.5893024
0.0,0.5771151
0.0,0.61025876
0.0,0.61025876
0.0,0.61025876
0.0,0.61025876
0.0,0.61025876
0.0,0.61025876
0.0,0.61025876
0.0,0.61025876
0.0,0.61025876
0.0,0.61025876
0.0,0.61025876
0.0,0.61025876
0.0,0.61025876
0.0,0.61025876
0.0,0.61025876
0.0,0.61025876
0.0,0.61025876
0.0,0.6362747
0.0,0.54002583
0.0,0.6171307
0.0,0.51975065
0.0,0.49288628
0.0,0.6652615
0.0,0.5735143
0.0,0.64482874
0.0,0.5630443
0.0,0.569253
0.0,0.54031247
0.0,0.5791165
0.0,0.8599207
0.0,0.8652571
0.0,0.65724576
0.0,0.81079066
0.0,0.6606276
0.0,0.7368124
0.0,0.83276117
0.0,0.83276117
0.0,0.83276117
0.0,0.83276117
0.0,0.83276117
0.0,0.83276117
0.0,0.83276117
0.0,0.83276117
0.0,0.83276117
0.0,0.83276117
0.0,0.83276117
0.0,0.7738128
0.0,0.806181
0.0,0.8639663
0.0,0.8043958
0.0,0.75369155
0.0,0.6080042
0.0,0.51009655
0.0,0.4855458
0.0,0.5000912
0.0,0.49751657
0.0,0.44200575
0.0,0.48065856
0.0,0.4959898
0.0,0.48985916
0.0,0.44727746
0.0,0.36865768
0.0,0.5110037
0.0,0.5110037
0.0,0.5110037
0.0,0.5110037
0.0,0.5110037
0.0,0.5110037
0.0,0.5110037
0.0,0.5110037
0.0,0.5110037
0.0,0.5110037
0.0,0.5110037
0.0,0.5110037
0.0,0.5110037
0.0,0.5110037
0.0,0.5110037
0.0,0.5110037
0.0,0.5110037
0.0,0.5110037
0.0,0.5110037
0.0,0.4660109
0.0,0.47138768
0.0,0.54498106
0.0,0.6040748
0.0,0.41334054
0.0,0.4524861
0.0,0.3867277
0.0,0.3743632
0.0,0.3542675
0.0,0.29971796
0.0,0.5763227
0.0,0.37603799
0.0,0.4477402
0.0,0.4477402
0.0,0.4477402
0.0,0.4477402
0.0,0.4477402
0.0,0.4477402
0.0,0.4477402
0.0,0.4477402
0.0,0.4477402
0.0,0.5356219
0.0,0.5090781
0.0,0.32907626
0.0,0.44920713
0.0,0.47474337
0.0,0.57031536
0.0,0.54357886
0.0,0.54357886
0.0,0.54357886
0.0,0.54357886
0.0,0.54357886
0.0,0.54357886
0.0,0.54357886
0.0,0.54357886
0.0,0.54357886
0.0,0.54357886
0.0,0.5700344
0.0,0.5542376
0.0,0.5412958
0.0,0.563662
0.0,0.49748558
0.0,0.4509244
0.0,0.5080997
0.0,0.27988353
0.0,0.24101192
0.0,0.26947773
0.0,0.26947773
0.0,0.26947773
0.0,0.26947773
0.0,0.26947773
0.0,0.26947773
0.0,0.26947773
0.0,0.22971418
0.0,0.30060312
0.0,0.3075621
0.0,0.32318783
0.0,0.19086875
0.0,0.8082894
0.0,0.7479415
0.0,0.45857802
0.0,0.4244307
0.0,0.437622
0.0,0.44605887
0.0,0.42474806
0.0,0.4836826
0.0,0.4372463
0.0,0.46073705
0.0,0.4813262
0.0,0.39302158
0.0,0.4045461
0.0,0.33776027
0.0,0.50721896
0.0,0.42689005
0.0,0.42689005
0.0,0.42689005
0.0,0.42689005
0.0,0.42689005
0.0,0.42689005
0.0,0.42689005
0.0,0.42689005
0.0,0.42689005
0.0,0.42689005
0.0,0.42689005
0.0,0.42689005
0.0,0.42689005
0.0,0.42689005
0.0,0.42689005
0.0,0.42689005
0.0,0.42689005
0.0,0.42689005
0.0,0.42689005
0.0,0.42689005
0.0,0.46566597
0.0,0.35467127
0.0,0.3681937
0.0,0.3978088
0.0,0.46402723
0.0,0.6879148
0.0,0.6291946
0.0,0.5858019
0.0,0.5858019
0.0,0.79474366
0.0,0.89511657
0.0,0.8214192
0.0,0.9173545
0.0,0.9173545
0.0,0.9173545
0.0,0.7941407
0.0,0.8576789
0.0,0.31942835
0.0,0.28631267
0.0,0.27446496
0.0,0.3622215
0.0,0.3313807
0.0,0.39159745
0.0,0.24805333
0.0,0.32760328
0.0,0.3013582
0.0,0.45346627
0.0,0.5404194
0.0,0.3428158
0.0,0.3428158
0.0,0.3428158
0.0,0.3428158
0.0,0.3428158
0.0,0.3428158
0.0,0.3428158
0.0,0.3428158
0.0,0.3428158
0.0,0.3428158
0.0,0.3428158
0.0,0.3428158
0.0,0.3428158
0.0,0.3428158
0.0,0.3428158
0.0,0.3428158
0.0,0.3428158
0.0,0.3428158
0.0,0.3428158
0.0,0.3428158
0.0,0.4822044
0.0,0.34312144
0.0,0.31888855
0.0,0.25801152
0.0,0.33413443
0.0,0.32291093
0.0,0.3643141
0.0,0.45394507
0.0,0.40097088
0.0,0.35865974
0.0,0.3443216
0.0,0.29734546
0.0,0.42709887
0.0,0.44811743
0.0,0.37115204
0.0,0.2676718
0.0,0.29360518
0.0,0.46291518
0.0,0.46136275
0.0,0.46179298
0.0,0.49242085
0.0,0.49242085
0.0,0.49242085
0.0,0.49242085
0.0,0.49242085
0.0,0.49242085
0.0,0.49242085
0.0,0.49242085
0.0,0.49242085
0.0,0.49242085
0.0,0.49242085
0.0,0.49242085
0.0,0.49242085
0.0,0.49242085
0.0,0.49242085
0.0,0.49242085
0.0,0.49242085
0.0,0.49242085
0.0,0.49242085
0.0,0.49242085
0.0,0.51683486
0.0,0.3634507
0.0,0.5051611
0.0,0.26133686
0.0,0.44766882
0.0,0.26483724
0.0,0.27123228
0.0,0.26092362
0.0,0.27016413
0.0,0.27016413
0.0,0.27016413
0.0,0.62178653
0.0,0.5953874
0.0,0.56877595
0.0,0.8182421
0.0,0.8182421
0.0,0.8182421
0.0,0.8182421
0.0,0.8182421
0.0,0.8182421
0.0,0.8182421
0.0,0.8182421
0.0,0.8182421
0.0,0.8182421
0.0,0.8182421
0.0,0.5994262
0.0,0.8121614
0.0,0.7156268
0.0,0.65463865
0.0,0.587587
0.0,0.43611652
0.0,0.8407262
0.0,0.843314
0.0,0.8125291
0.0,0.8128264
0.0,0.87601614
0.0,0.79749745
0.0,0.8685492
0.0,0.86647975
0.0,0.79195184
0.0,0.8784191
0.0,0.8784191
0.0,0.8784191
0.0,0.8784191
0.0,0.8784191
0.0,0.8784191
0.0,0.8784191
0.0,0.8784191
0.0,0.8784191
0.0,0.8784191
0.0,0.8784191
0.0,0.8784191
0.0,0.8784191
0.0,0.8784191
0.0,0.8784191
0.0,0.8784191
0.0,0.8784191
0.0,0.8784191
0.0,0.8784191
0.0,0.79670954
0.0,0.75475276
0.0,0.84420604
0.0,0.8546596
0.0,0.88320726
0.0,0.84066176
0.0,0.8577305
0.0,0.81895226
0.0,0.46346432
0.0,0.42267308
0.0,0.41414002
0.0,0.49468583
0.0,0.49468583
0.0,0.49468583
0.0,0.7001118
0.0,0.70771605
0.0,0.70771605
0.0,0.70771605
0.0,0.70771605
0.0,0.70771605
0.0,0.70771605
0.0,0.70771605
0.0,0.70771605
0.0,0.70771605
0.0,0.70771605
0.0,0.70771605
0.0,0.70771605
0.0,0.70771605
0.0,0.70771605
0.0,0.70771605
0.0,0.70771605
0.0,0.70771605
0.0,0.70771605
0.0,0.7085248
0.0,0.76327527
0.0,0.73565334
0.0,0.7034476
0.0,0.5528532
0.0,0.5362067
0.0,0.69340265
0.0,0.74640405
0.0,0.7169345
0.0,0.71932864
0.0,0.70908886
0.0,0.69534826
0.0,0.7069728
0.0,0.6298836
0.0,0.73983234
0.0,0.3856978
0.0,0.36153686
0.0,0.37479633
0.0,0.47306362
0.0,0.47306362
0.0,0.47306362
0.0,0.47306362
0.0,0.4516367
0.0,0.49365824
0.0,0.40805584
0.0,0.35178462
0.0,0.33648393
0.0,0.27026725
0.0,0.60948277
0.0,0.60871875
0.0,0.30773306
0.0,0.6141088
0.0,0.6141088
0.0,0.6141088
0.0,0.6141088
0.0,0.6141088
0.0,0.6141088
0.0,0.6141088
0.0,0.6141088
0.0,0.6141088
0.0,0.6141088
0.0,0.6141088
0.0,0.6141088
0.0,0.6141088
0.0,0.6141088
0.0,0.6141088
0.0,0.6141088
0.0,0.6141088
0.0,0.6141088
0.0,0.6141088
0.0,0.6141088
0.0,0.27531537
0.0,0.30421406
0.0,0.4978081
0.0,0.5923181
0.0,0.5957636
0.0,0.5961726
0.0,0.29844457
0.0,0.47520277
0.0,0.3074453
0.0,0.62708896
0.0,0.3317712
0.0,0.27079502
0.0,0.4353448
0.0,0.38498572
0.0,0.38498572
0.0,0.38498572
0.0,0.38498572
0.0,0.38498572
0.0,0.38498572
0.0,0.38498572
0.0,0.38498572
0.0,0.31655192
0.0,0.27623245
0.0,0.45399287
0.0,0.35021368
0.0,0.32391864
0.0,0.34157407
0.0,0.31875977
0.0,0.65962994
0.0,0.61373323
0.0,0.78612643
0.0,0.57278603
0.0,0.8325566
0.0,0.8325566
0.0,0.8325566
0.0,0.8325566
0.0,0.8325566
0.0,0.8325566
0.0,0.8325566
0.0,0.8325566
0.0,0.8325566
0.0,0.6510797
0.0,0.61844444
0.0,0.82976353
0.0,0.73533505
0.0,0.56650805
0.0,0.32467693
0.0,0.34368694
0.0,0.27171397
0.0,0.31913432
0.0,0.18950377
0.0,0.2900928
0.0,0.28110626
0.0,0.21097086
0.0,0.20494486
0.0,0.40808532
0.0,0.24013403
0.0,0.24013403
0.0,0.24013403
0.0,0.24013403
0.0,0.24013403
0.0,0.24013403
0.0,0.24013403
0.0,0.24013403
0.0,0.24013403
0.0,0.24013403
0.0,0.24013403
0.0,0.24013403
0.0,0.24013403
0.0,0.24013403
0.0,0.24013403
0.0,0.3433296
0.0,0.24357161
0.0,0.3100019
0.0,0.33776003
0.0,0.31998178
0.0,0.37662143
0.0,0.38622147
0.0,0.4179143
0.0,0.41130838
0.0,0.42758033
0.0,0.44684276
0.0,0.45220008
0.0,0.3592486
0.0,0.44183785
0.0,0.4741802
0.0,0.4741802
0.0,0.4741802
0.0,0.4741802
0.0,0.4741802
0.0,0.4741802
0.0,0.4741802
0.0,0.4741802
0.0,0.4741802
0.0,0.4741802
0.0,0.4741802
0.0,0.4741802
0.0,0.4741802
0.0,0.4741802
0.0,0.4741802
0.0,0.4741802
0.0,0.4741802
0.0,0.4741802
0.0,0.35980228
0.0,0.41871348
0.0,0.34336144
0.0,0.32671413
0.0,0.35763615
0.0,0.35185716
0.0,0.5022591
0.0,0.8891491
0.0,0.8767229
0.0,0.8531794
0.0,0.8503216
0.0,0.74082696
0.0,0.910767
0.0,0.8957241
0.0,0.86437196
0.0,0.9123195
0.0,0.67281353
0.0,0.7506202
0.0,0.65966856
0.0,0.8824577
0.0,0.9026232
0.0,0.8936165
0.0,0.85084754
0.0,0.85084754
0.0,0.85084754
0.0,0.85084754
0.0,0.85084754
0.0,0.85084754
0.0,0.85084754
0.0,0.85084754
0.0,0.85084754
0.0,0.85084754
0.0,0.85084754
0.0,0.85084754
0.0,0.85084754
0.0,0.85084754
0.0,0.85084754
0.0,0.85084754
0.0,0.85084754
0.0,0.85084754
0.0,0.85084754
0.0,0.85084754
0.0,0.8928194
0.0,0.7918719
0.0,0.8849299
0.0,0.41758883
0.0,0.41758883
0.0,0.41758883
0.0,0.29303458
0.0,0.32497498
0.0,0.38774312
0.0,0.4346669
0.0,0.4582209
0.0,0.4582209
0.0,0.4582209
0.0,0.4582209
0.0,0.4582209
0.0,0.4582209
0.0,0.4582209
0.0,0.4582209
0.0,0.4582209
0.0,0.4582209
0.0,0.4582209
0.0,0.4582209
0.0,0.4582209
0.0,0.4582209
0.0,0.4582209
0.0,0.4582209
0.0,0.4582209
0.0,0.4582209
0.0,0.4582209
0.0,0.45125934
0.0,0.45501968
0.0,0.5332007
0.0,0.44228372
0.0,0.4085466
0.0,0.45124406
0.0,0.50998825
0.0,0.45119587
0.0,0.35767326
0.0,0.42849663
0.0,0.43995783
0.0,0.44067258
0.0,0.44087583
0.0,0.43285745
0.0,0.48514634
0.0,0.3892202
0.0,0.5499071
0.0,0.5248439
0.0,0.50300956
0.0,0.5009801
0.0,0.29596603
0.0,0.7929373
0.0,0.7929373
0.0,0.7929373
0.0,0.7929373
0.0,0.7929373
0.0,0.7929373
0.0,0.7929373
0.0,0.7929373
0.0,0.7929373
0.0,0.7929373
0.0,0.7929373
0.0,0.7929373
0.0,0.7929373
0.0,0.7929373
0.0,0.7929373
0.0,0.7929373
0.0,0.7929373
0.0,0.7929373
0.0,0.7929373
0.0,0.7929373
0.0,0.6077173
0.0,0.5185821
0.0,0.7878758
0.0,0.31952107
0.0,0.38189954
0.0,0.5964232
0.0,0.78883153
0.0,0.67608476
0.0,0.73760533
0.0,0.6041621
0.0,0.51629907
0.0,0.38748997
0.0,0.66849446
0.0,0.3498707
0.0,0.37672514
0.0,0.41756633
0.0,0.47332418
0.0,0.39515284
0.0,0.57807827
0.0,0.4000923
0.0,0.4614043
0.0,0.45787126
0.0,0.6059264
0.0,0.6059264
0.0,0.6059264
0.0,0.6059264
0.0,0.6059264
0.0,0.6059264
0.0,0.6059264
0.0,0.6059264
0.0,0.6059264
0.0,0.6059264
0.0,0.6059264
0.0,0.6059264
0.0,0.6059264
0.0,0.6059264
0.0,0.6059264
0.0,0.6059264
0.0,0.6059264
0.0,0.6059264
0.0,0.6059264
0.0,0.36185545
0.0,0.59010875
0.0,0.31697065
0.0,0.32954243
0.0,0.43533063
0.0,0.3215638
0.0,0.45050764
0.0,0.58301955
0.0,0.40684038
0.0,0.38244122
0.0,0.4853212
0.0,0.4477531
0.0,0.39921996
0.0,0.51589733
0.0,0.56122935
0.0,0.56122935
0.0,0.56122935
0.0,0.56122935
0.0,0.2712115
0.0,0.2712115
0.0,0.34756967
0.0,0.2628201
0.0,0.65202934
0.0,0.7030937
0.0,0.6590104
0.0,0.51540184
0.0,0.678301
0.0,0.69448185
0.0,0.69448185
0.0,0.69448185
0.0,0.69448185
0.0,0.69448185
0.0,0.69448185
0.0,0.69448185
0.0,0.69448185
0.0,0.69448185
0.0,0.69448185
0.0,0.69448185
0.0,0.69448185
0.0,0.69448185
0.0,0.69448185
0.0,0.69448185
0.0,0.5724393
0.0,0.44109505
0.0,0.72134346
0.0,0.6650262
0.0,0.595242
0.0,0.6982413
0.0,0.5874059
0.0,0.5490563
0.0,0.5966911
0.0,0.5884727
0.0,0.60085535
0.0,0.5899213
0.0,0.4874595
0.0,0.5229875
0.0,0.5795384
0.0,0.5724448
0.0,0.51418537
0.0,0.56389856
0.0,0.4850615
0.0,0.68045515
0.0,0.5495967
0.0,0.58428544
0.0,0.5983362
0.0,0.61460245
0.0,0.61460245
0.0,0.61460245
0.0,0.61460245
0.0,0.61460245
0.0,0.61460245
0.0,0.61460245
0.0,0.61460245
0.0,0.61460245
0.0,0.61460245
0.0,0.61460245
0.0,0.61460245
0.0,0.61460245
0.0,0.61460245
0.0,0.61460245
0.0,0.61460245
0.0,0.61460245
0.0,0.61460245
0.0,0.61460245
0.0,0.61460245
0.0,0.6051151
0.0,0.57399935
0.0,0.54958886
0.0,0.30228755
0.0,0.38379326
0.0,0.38489813
0.0,0.4077358
0.0,0.32139173
0.0,0.35738325
0.0,0.39039007
0.0,0.39039007
0.0,0.39039007
0.0,0.39039007
0.0,0.39039007
0.0,0.39039007
0.0,0.39039007
0.0,0.39039007
0.0,0.39039007
0.0,0.39039007
0.0,0.39039007
0.0,0.3189812
0.0,0.24581967
0.0,0.38893738
0.0,0.29252255
0.0,0.4017334
0.0,0.62107474
0.0,0.5531987
0.0,0.49350455
0.0,0.4402891
0.0,0.68445766
0.0,0.717305
0.0,0.53002185
0.0,0.48090804
0.0,0.64165664
0.0,0.6834358
0.0,0.7127232
0.0,0.7127232
0.0,0.7127232
0.0,0.7127232
0.0,0.7127232
0.0,0.7127232
0.0,0.7127232
0.0,0.7127232
0.0,0.7127232
0.0,0.7127232
0.0,0.7127232
0.0,0.7127232
0.0,0.7127232
0.0,0.7127232
0.0,0.7127232
0.0,0.7127232
0.0,0.7127232
0.0,0.703212
0.0,0.5062086
0.0,0.6927573
0.0,0.4173391
0.0,0.743938
0.0,0.4755272
0.0,0.4755272
0.0,0.3422149
0.0,0.35012317
0.0,0.40015543
0.0,0.39991578
0.0,0.45318228
0.0,0.43311787
0.0,0.32211193
0.0,0.42269
0.0,0.42534465
0.0,0.4195052
0.0,0.41035402
0.0,0.3890849
0.0,0.36172315
0.0,0.3774955
0.0,0.43138334
0.0,0.40114734
0.0,0.40279087
0.0,0.4143152
0.0,0.4143152
0.0,0.4143152
0.0,0.4143152
0.0,0.4143152
0.0,0.4143152
0.0,0.4143152
0.0,0.4143152
0.0,0.4143152
0.0,0.4143152
0.0,0.4143152
0.0,0.4143152
0.0,0.4143152
0.0,0.4143152
0.0,0.4143152
0.0,0.4143152
0.0,0.4143152
0.0,0.4143152
0.0,0.4143152
0.0,0.4143152
0.0,0.39689696
0.0,0.4613959
0.0,0.41417018
0.0,0.6307915
0.0,0.6501535
0.0,0.65103465
0.0,0.5551478
0.0,0.6930585
0.0,0.7926182
0.0,0.6328755
0.0,0.4839822
0.0,0.73984563
0.0,0.7801567
0.0,0.59443486
0.0,0.6116495
0.0,0.7829946
0.0,0.7829946
0.0,0.7829946
0.0,0.7829946
0.0,0.7829946
0.0,0.7829946
0.0,0.7829946
0.0,0.7829946
0.0,0.7829946
0.0,0.7829946
0.0,0.7829946
0.0,0.7829946
0.0,0.23296812
0.0,0.24542063
0.0,0.24542063
0.0,0.24542063
0.0,0.24542063
0.0,0.24542063
0.0,0.24542063
0.0,0.24542063
0.0,0.24542063
0.0,0.31742364
0.0,0.23585944
0.0,0.2113488
0.0,0.2265871
0.0,0.24574141
0.0,0.32513818
0.0,0.21868974
0.0,0.29327238
0.0,0.66448176
0.0,0.39850503
0.0,0.4107585
0.0,0.45017877
0.0,0.4316903
0.0,0.4316903
0.0,0.4316903
0.0,0.4316903
0.0,0.4316903
0.0,0.4316903
0.0,0.4316903
0.0,0.4316903
0.0,0.4316903
0.0,0.4316903
0.0,0.4316903
0.0,0.4316903
0.0,0.4316903
0.0,0.4316903
0.0,0.4316903
0.0,0.4316903
0.0,0.4316903
0.0,0.4316903
0.0,0.4316903
0.0,0.4316903
0.0,0.46742055
0.0,0.41940263
0.0,0.5613217
0.0,0.42058343
0.0,0.5219268
0.0,0.33636165
0.0,0.60991985
0.0,0.43119428
0.0,0.51709414
0.0,0.4411393
0.0,0.35646555
0.0,0.43400297
0.0,0.34451
0.0,0.48702297
0.0,0.54257697
0.0,0.28913411
0.0,0.23938029
0.0,0.2206496
0.0,0.21998031
0.0,0.22880572
0.0,0.5179207
0.0,0.5012596
0.0,0.23274785
0.0,0.19678923
0.0,0.2135407
0.0,0.6489781
0.0,0.4989471
0.0,0.4989471
0.0,0.4989471
0.0,0.4989471
0.0,0.4989471
0.0,0.4989471
0.0,0.4989471
0.0,0.4989471
0.0,0.4989471
0.0,0.4989471
0.0,0.4989471
0.0,0.4989471
0.0,0.4989471
0.0,0.4989471
0.0,0.4989471
0.0,0.4989471
0.0,0.4989471
0.0,0.4989471
0.0,0.4989471
0.0,0.4989471
0.0,0.5691134
0.0,0.4840528
0.0,0.37432745
0.0,0.22700307
0.0,0.40183038
0.0,0.1819572
0.0,0.4637741
0.0,0.30185604
0.0,0.39897844
0.0,0.81503433
0.0,0.8221986
0.0,0.8429446
0.0,0.8668499
0.0,0.7968997
0.0,0.9641399
0.0,0.9641399
0.0,0.9641399
0.0,0.9641399
0.0,0.9641399
0.0,0.9641399
0.0,0.9641399
0.0,0.9641399
0.0,0.9641399
0.0,0.9641399
0.0,0.9641399
0.0,0.9641399
0.0,0.9641399
0.0,0.9641399
0.0,0.9641399
0.0,0.9641399
0.0,0.9641399
0.0,0.9641399
0.0,0.9641399
0.0,0.9712052
0.0,0.8755622
0.0,0.96338516
0.0,0.8160717
0.0,0.8354058
0.0,0.95184004
0.0,0.9620312
0.0,0.89450747
0.0,0.7962794
0.0,0.8930536
0.0,0.88491505
0.0,0.9622722
0.0,0.6931831
0.0,0.45774966
0.0,0.5341699
0.0,0.4534718
0.0,0.51906574
0.0,0.51906574
0.0,0.51906574
0.0,0.51906574
0.0,0.1910508
0.0,0.17895557
0.0,0.23132959
0.0,0.2327621
0.0,0.2327621
0.0,0.2327621
0.0,0.2327621
0.0,0.2327621
0.0,0.24801525
0.0,0.21704525
0.0,0.687101
0.0,0.6462244
0.0,0.6831219
0.0,0.66367906
0.0,0.7412846
0.0,0.81595695
0.0,0.63183564
0.0,0.73840976
0.0,0.599829
0.0,0.53294843
0.0,0.7827649
0.0,0.7143409
0.0,0.6969097
0.0,0.629882
0.0,0.72539407
0.0,0.6272585
0.0,0.6272585
0.0,0.6272585
0.0,0.6272585
0.0,0.6272585
0.0,0.6272585
0.0,0.6272585
0.0,0.6272585
0.0,0.6272585
0.0,0.6272585
0.0,0.6272585
0.0,0.6272585
0.0,0.6272585
0.0,0.6272585
0.0,0.6272585
0.0,0.6272585
0.0,0.8322273
0.0,0.43656448
0.0,0.38921675
0.0,0.3726733
0.0,0.35487178
0.0,0.3781713
0.0,0.438676
0.0,0.43089682
0.0,0.35819167
0.0,0.4509093
0.0,0.36886534
0.0,0.4218127
0.0,0.6661923
0.0,0.6661923
0.0,0.6661923
0.0,0.6661923
0.0,0.6661923
0.0,0.6661923
0.0,0.6661923
0.0,0.6661923
0.0,0.6661923
0.0,0.6661923
0.0,0.6661923
0.0,0.6661923
0.0,0.6661923
0.0,0.6661923
0.0,0.6661923
0.0,0.6661923
0.0,0.6661923
0.0,0.6661923
0.0,0.6661923
0.0,0.5514684
0.0,0.47590512
0.0,0.33507043
0.0,0.51132005
0.0,0.35089403
0.0,0.4385334
0.0,0.9213494
0.0,0.9380532
0.0,0.9274019
0.0,0.9274019
0.0,0.9274019
0.0,0.9274019
0.0,0.9274019
0.0,0.9274019
0.0,0.9274019
0.0,0.9274019
0.0,0.900968
0.0,0.86706084
0.0,0.89359313
0.0,0.89713854
0.0,0.948087
0.0,0.9104625
0.0,0.6265053
0.0,0.6265053
0.0,0.5556496
0.0,0.49163103
0.0,0.8029752
0.0,0.862233
0.0,0.7213285
0.0,0.8921025
0.0,0.8921025
0.0,0.8921025
0.0,0.8921025
0.0,0.8971174
0.0,0.6441204
0.0,0.6852924
0.0,0.6216742
0.0,0.5076953
0.0,0.4716521
0.0,0.5741581
0.0,0.5741581
0.0,0.5741581
0.0,0.5741581
0.0,0.5741581
0.0,0.44161075
0.0,0.44161075
0.0,0.44161075
0.0,0.44161075
0.0,0.44161075
0.0,0.44161075
0.0,0.44161075
0.0,0.44161075
0.0,0.44161075
0.0,0.44161075
0.0,0.44626096
0.0,0.45406577
0.0,0.4446709
0.0,0.3292266
0.0,0.4496774
0.0,0.44033772
0.0,0.42703125
0.0,0.43881056
0.0,0.6828545
0.0,0.64006126
0.0,0.43427816
0.0,0.7305836
0.0,0.6546493
0.0,0.66449994
0.0,0.5050727
0.0,0.5772855
0.0,0.84905994
0.0,0.84905994
0.0,0.84905994
0.0,0.84905994
0.0,0.84905994
0.0,0.84905994
0.0,0.84905994
0.0,0.84905994
0.0,0.84905994
0.0,0.84905994
0.0,0.84905994
0.0,0.84905994
0.0,0.6875091
0.0,0.78927946
0.0,0.7714218
0.0,0.76425123
0.0,0.49232966
0.0,0.46652082
0.0,0.43960777
0.0,0.44440565
0.0,0.38466167
0.0,0.23061746
0.0,0.4670091
0.0,0.37339446
0.0,0.44080856
0.0,0.3616514
0.0,0.3375716
0.0,0.42274305
0.0,0.32812655
0.0,0.42586073
0.0,0.45261374
0.0,0.46425486
0.0,0.46425486
0.0,0.46425486
0.0,0.46425486
0.0,0.46425486
0.0,0.46425486
0.0,0.46425486
0.0,0.46425486
0.0,0.46425486
0.0,0.46425486
0.0,0.46425486
0.0,0.46425486
0.0,0.46425486
0.0,0.46425486
0.0,0.46425486
0.0,0.46425486
0.0,0.46425486
0.0,0.46425486
0.0,0.46425486
0.0,0.46425486
0.0,0.45142534
0.0,0.44358304
0.0,0.21173143
0.0,0.68889296
0.0,0.6762918
0.0,0.6241833
0.0,0.6003629
0.0,0.21552613
0.0,0.775651
0.0,0.59323454
0.0,0.78241676
0.0,0.26665843
0.0,0.2969198
0.0,0.77260256
0.0,0.75469804
0.0,0.7198079
0.0,0.7381025
0.0,0.48134273
0.0,0.80593926
0.0,0.80593926
0.0,0.80593926
0.0,0.80593926
0.0,0.80593926
0.0,0.80593926
0.0,0.80593926
0.0,0.80593926
0.0,0.80593926
0.0,0.80593926
0.0,0.80593926
0.0,0.80593926
0.0,0.80593926
0.0,0.80593926
0.0,0.80593926
0.0,0.6397345
0.0,0.67057985
0.0,0.6643479
0.0,0.6643479
0.0,0.6643479
0.0,0.6643479
0.0,0.6643479
0.0,0.6643479
0.0,0.6643479
0.0,0.6643479
0.0,0.6643479
0.0,0.6643479
0.0,0.6643479
0.0,0.6643479
0.0,0.6643479
0.0,0.5156956
0.0,0.49887457
0.0,0.5664561
0.0,0.5202598
0.0,0.64724797
0.0,0.609867
0.0,0.5598954
0.0,0.571434
0.0,0.56599396
0.0,0.59383565
0.0,0.636076
0.0,0.68212086
0.0,0.53231955
0.0,0.7381844
0.0,0.7154696
0.0,0.43228045
0.0,0.40569243
0.0,0.6459627
0.0,0.6459627
0.0,0.6459627
0.0,0.6459627
0.0,0.6459627
0.0,0.6459627
0.0,0.70813924
0.0,0.67518574
0.0,0.6580069
0.0,0.63678515
0.0,0.8728229
0.0,0.8728229
0.0,0.8728229
0.0,0.8728229
0.0,0.8728229
0.0,0.8728229
0.0,0.8728229
0.0,0.8728229
0.0,0.8728229
0.0,0.8728229
0.0,0.8728229
0.0,0.8728229
0.0,0.8728229
0.0,0.850687
0.0,0.53545725
0.0,0.8394768
0.0,0.7768591
0.0,0.612499
0.0,0.79900193
0.0,0.8719132
0.0,0.21973895
0.0,0.37345183
0.0,0.5993783
0.0,0.4140559
0.0,0.4140559
0.0,0.4140559
0.0,0.4140559
0.0,0.4140559
0.0,0.4140559
0.0,0.4140559
0.0,0.4140559
0.0,0.4140559
0.0,0.4140559
0.0,0.4140559
0.0,0.4140559
0.0,0.40893814
0.0,0.5275968
0.0,0.6142481
0.0,0.549262
0.0,0.34644184
0.0,0.25222299
0.0,0.32590687
0.0,0.24848156
0.0,0.54546195
0.0,0.41245392
0.0,0.44687754
0.0,0.19684513
0.0,0.18701954
0.0,0.390609
0.0,0.390609
0.0,0.390609
0.0,0.22959903
0.0,0.561932
0.0,0.5185048
0.0,0.52339995
0.0,0.49174654
0.0,0.3951258
0.0,0.5840913
0.0,0.613919
0.0,0.40014616
0.0,0.5865606
0.0,0.5865606
0.0,0.5865606
0.0,0.5865606
0.0,0.5865606
0.0,0.5865606
0.0,0.5865606
0.0,0.5865606
0.0,0.5865606
0.0,0.5865606
0.0,0.5865606
0.0,0.5865606
0.0,0.5865606
0.0,0.5865606
0.0,0.5865606
0.0,0.5865606
0.0,0.5865606
0.0,0.5865606
0.0,0.5865606
0.0,0.5865606
0.0,0.4813773
0.0,0.38038743
0.0,0.37268037
0.0,0.57316816
0.0,0.5236369
0.0,0.57497674
0.0,0.37920615
0.0,0.58052534
0.0,0.5041279
0.0,0.58841026
0.0,0.81647205
0.0,0.76025635
0.0,0.8497691
0.0,0.7599521
0.0,0.79917604
0.0,0.8214862
0.0,0.85335946
0.0,0.85335946
0.0,0.85335946
0.0,0.85335946
0.0,0.85335946
0.0,0.85335946
0.0,0.85335946
0.0,0.85335946
0.0,0.37682036
0.0,0.36842
0.0,0.3218174
0.0,0.43253928
0.0,0.49177262
0.0,0.31798273
0.0,0.33333948
0.0,0.33333948
0.0,0.33333948
0.0,0.33333948
0.0,0.33333948
0.0,0.33333948
0.0,0.5218082
0.0,0.4622912
0.0,0.42776906
0.0,0.43833196
0.0,0.4667561
0.0,0.69776577
0.0,0.76789284
0.0,0.48157328
0.0,0.70319825
0.0,0.40303308
0.0,0.60544425
0.0,0.67838424
0.0,0.68678963
0.0,0.5915148
0.0,0.48066458
0.0,0.6068569
0.0,0.7851666
0.0,0.7851666
0.0,0.7851666
0.0,0.7851666
0.0,0.7851666
0.0,0.7851666
0.0,0.7851666
0.0,0.7851666
0.0,0.7851666
0.0,0.7851666
0.0,0.7851666
0.0,0.7851666
0.0,0.7851666
0.0,0.7851666
0.0,0.7851666
0.0,0.7851666
0.0,0.7851666
0.0,0.7851666
0.0,0.45582145
0.0,0.5045096
0.0,0.49654198
0.0,0.578767
0.0,0.578767
0.0,0.578767
0.0,0.578767
0.0,0.578767
0.0,0.578767
0.0,0.578767
0.0,0.578767
0.0,0.578767
0.0,0.578767
0.0,0.578767
0.0,0.578767
0.0,0.578767
0.0,0.578767
0.0,0.578767
0.0,0.578767
0.0,0.578767
0.0,0.578767
0.0,0.37435699
0.0,0.57859915
0.0,0.3768925
0.0,0.63795304
0.0,0.5809703
0.0,0.38754728
0.0,0.6583148
0.0,0.4324484
0.0,0.4312791
0.0,0.4521488
0.0,0.44710004
0.0,0.525946
0.0,0.51191276
0.0,0.5478178
0.0,0.5478178
0.0,0.5478178
0.0,0.5478178
0.0,0.5478178
0.0,0.5478178
0.0,0.5478178
0.0,0.599161
0.0,0.5159792
0.0,0.57471836
0.0,0.59475905
0.0,0.53575915
0.0,0.57397556
0.0,0.5115327
0.0,0.35089064
0.0,0.3848886
0.0,0.40212718
0.0,0.3982622
0.0,0.3289336
0.0,0.23047252
0.0,0.30513495
0.0,0.3988974
0.0,0.3988974
0.0,0.3988974
0.0,0.3988974
0.0,0.3988974
0.0,0.3988974
0.0,0.3988974
0.0,0.3988974
0.0,0.3988974
0.0,0.3988974
0.0,0.3988974
0.0,0.3988974
0.0,0.3988974
0.0,0.3988974
0.0,0.3988974
0.0,0.3988974
0.0,0.3988974
0.0,0.3988974
0.0,0.3988974
0.0,0.3988974
0.0,0.23420687
0.0,0.44097462
0.0,0.3168592
0.0,0.36620677
0.0,0.22691664
0.0,0.33061603
0.0,0.24199414
0.0,0.26923424
0.0,0.2797035
0.0,0.38984507
0.0,0.25369275
0.0,0.5557863
0.0,0.5733605
0.0,0.51393515
0.0,0.5258348
0.0,0.6031612
0.0,0.50284123
0.0,0.5118673
0.0,0.6199742
0.0,0.6199742
0.0,0.6199742
0.0,0.6199742
0.0,0.6199742
0.0,0.6199742
0.0,0.6199742
0.0,0.6199742
0.0,0.5927479
0.0,0.47563207
0.0,0.7456279
0.0,0.2583134
0.0,0.26386088
0.0,0.27347973
0.0,0.36067605
0.0,0.37819937
0.0,0.37819937
0.0,0.37819937
0.0,0.37819937
0.0,0.37819937
0.0,0.37819937
0.0,0.225504
0.0,0.37282193
0.0,0.7663948
0.0,0.78412735
0.0,0.76931053
0.0,0.7709899
0.0,0.7709899
0.0,0.7709899
0.0,0.7709899
0.0,0.7709899
0.0,0.7709899
0.0,0.7709899
0.0,0.7709899
0.0,0.7709899
0.0,0.7709899
0.0,0.7709899
0.0,0.7709899
0.0,0.7709899
0.0,0.7709899
0.0,0.7709899
0.0,0.7709899
0.0,0.7709899
0.0,0.7709899
0.0,0.7709899
0.0,0.7709899
0.0,0.50056136
0.0,0.8005043
0.0,0.7638336
0.0,0.8694049
0.0,0.49457994
0.0,0.40280384
0.0,0.665597
0.0,0.86860514
0.0,0.7945135
0.0,0.83883566
0.0,0.7655251
0.0,0.74522406
0.0,0.7749532
0.0,0.6796156
0.0,0.82888204
0.0,0.42596638
0.0,0.42596638
0.0,0.42596638
0.0,0.42596638
0.0,0.42596638
0.0,0.42596638
0.0,0.42596638
0.0,0.42596638
0.0,0.42596638
0.0,0.42596638
0.0,0.42596638
0.0,0.42596638
0.0,0.42596638
0.0,0.42596638
0.0,0.42596638
0.0,0.41330448
0.0,0.36661786
0.0,0.29812652
0.0,0.32261994
0.0,0.47642276
0.0,0.311999
0.0,0.3263692
0.0,0.34011453
0.0,0.31634855
0.0,0.5592227
0.0,0.46893325
0.0,0.37163088
0.0,0.34348285
0.0,0.2696866
0.0,0.26374465
0.0,0.28058693
0.0,0.26386198
0.0,0.2833787
0.0,0.384819
0.0,0.46830797
0.0,0.38976616
0.0,0.2850989
0.0,0.4090795
0.0,0.44174042
0.0,0.44174042
0.0,0.44174042
0.0,0.44174042
0.0,0.44174042
0.0,0.44174042
0.0,0.44174042
0.0,0.44174042
0.0,0.44174042
0.0,0.44174042
0.0,0.44174042
0.0,0.44174042
0.0,0.44174042
0.0,0.44174042
0.0,0.44174042
0.0,0.44174042
0.0,0.44174042
0.0,0.44174042
0.0,0.44174042
0.0,0.44174042
0.0,0.31212804
0.0,0.5072379
0.0,0.2521541
0.0,0.25925127
0.0,0.24646796
0.0,0.2516811
0.0,0.2671015
0.0,0.4490804
0.0,0.5176331
0.0,0.51230484
0.0,0.5241054
0.0,0.5241054
0.0,0.5241054
0.0,0.5241054
0.0,0.5241054
0.0,0.5241054
0.0,0.5241054
0.0,0.5241054
0.0,0.5241054
0.0,0.5241054
0.0,0.5241054
0.0,0.5241054
0.0,0.5241054
0.0,0.5241054
0.0,0.5241054
0.0,0.5241054
0.0,0.5241054
0.0,0.5241054
0.0,0.5894814
0.0,0.4981328
0.0,0.38490587
0.0,0.5263125
0.0,0.5037938
0.0,0.6009406
0.0,0.41377744
0.0,0.5141169
0.0,0.40390518
0.0,0.5199503
0.0,0.51855916
0.0,0.52688605
0.0,0.5149704
0.0,0.40902287
0.0,0.9221118
0.0,0.94205713
0.0,0.95155996
0.0,0.95337754
0.0,0.87358046
0.0,0.96682
0.0,0.94231683
0.0,0.9420002
0.0,0.9181641
0.0,0.88809294
0.0,0.972523
0.0,0.9525774
0.0,0.9666978
0.0,0.9522663
0.0,0.94114035
0.0,0.94026953
0.0,0.9381716
0.0,0.9381716
0.0,0.9381716
0.0,0.9381716
0.0,0.9381716
0.0,0.9381716
0.0,0.9381716
0.0,0.9381716
0.0,0.9381716
0.0,0.9381716
0.0,0.9381716
0.0,0.9381716
0.0,0.9381716
0.0,0.9381716
0.0,0.9381716
0.0,0.9381716
0.0,0.9381716
0.0,0.9381716
0.0,0.9381716
0.0,0.9381716
0.0,0.9499548
0.0,0.9646336
0.0,0.1535337
0.0,0.22439924
0.0,0.22439924
0.0,0.22439924
0.0,0.17158805
0.0,0.19129884
0.0,0.5536216
0.0,0.50349545
0.0,0.45536676
0.0,0.43799782
0.0,0.36025703
0.0,0.68918926
0.0,0.68918926
0.0,0.68918926
0.0,0.68918926
0.0,0.68918926
0.0,0.68918926
0.0,0.68918926
0.0,0.68918926
0.0,0.68918926
0.0,0.68918926
0.0,0.68918926
0.0,0.68918926
0.0,0.68918926
0.0,0.68918926
0.0,0.68918926
0.0,0.68918926
0.0,0.68918926
0.0,0.68918926
0.0,0.68918926
0.0,0.68918926
0.0,0.6423078
0.0,0.45527175
0.0,0.70101166
0.0,0.36442655
0.0,0.27333355
0.0,0.4888375
0.0,0.66779196
0.0,0.5381094
0.0,0.6831232
0.0,0.4225408
0.0,0.5841123
0.0,0.39822856
0.0,0.65815943
0.0,0.4921154
0.0,0.47146934
0.0,0.47719538
0.0,0.482521
0.0,0.39825502
0.0,0.65706974
0.0,0.65389895
0.0,0.45464996
0.0,0.65495425
0.0,0.65495425
0.0,0.65495425
0.0,0.65495425
0.0,0.65495425
0.0,0.65495425
0.0,0.65495425
0.0,0.65495425
0.0,0.65495425
0.0,0.65495425
0.0,0.65495425
0.0,0.65495425
0.0,0.65495425
0.0,0.65495425
0.0,0.65495425
0.0,0.65495425
0.0,0.65495425
0.0,0.65495425
0.0,0.65495425
0.0,0.65495425
0.0,0.42834336
0.0,0.4116851
0.0,0.74134946
0.0,0.6134701
0.0,0.6716758
0.0,0.47615698
0.0,0.4758132
0.0,0.4908404
0.0,0.4631999
0.0,0.69768023
0.0,0.4309996
0.0,0.41050223
0.0,0.39972043
0.0,0.4075338
0.0,0.6786638
0.0,0.6786638
0.0,0.6786638
0.0,0.6786638
0.0,0.6786638
0.0,0.6786638
0.0,0.6786638
0.0,0.6786638
0.0,0.6786638
0.0,0.6786638
0.0,0.6786638
0.0,0.6786638
0.0,0.6786638
0.0,0.6786638
0.0,0.6786638
0.0,0.6786638
0.0,0.6786638
0.0,0.6786638
0.0,0.6786638
0.0,0.6786638
0.0,0.40708378
0.0,0.44380826
0.0,0.5631781
0.0,0.66350883
0.0,0.61069804
0.0,0.4149032
0.0,0.59465265
0.0,0.42264223
0.0,0.5982214
0.0,0.5472369
0.0,0.46000808
0.0,0.5354647
0.0,0.52099544
0.0,0.50216854
0.0,0.32361802
0.0,0.3023578
0.0,0.23687238
0.0,0.30284652
0.0,0.30284652
0.0,0.30284652
0.0,0.30284652
0.0,0.30284652
0.0,0.30284652
0.0,0.30284652
0.0,0.30284652
0.0,0.30284652
0.0,0.30284652
0.0,0.30284652
0.0,0.30284652
0.0,0.30284652
0.0,0.30284652
0.0,0.30284652
0.0,0.28769928
0.0,0.27773982
0.0,0.29634655
0.0,0.22286011
0.0,0.23693077
0.0,0.3496402
0.0,0.3874483
0.0,0.26393494
0.0,0.37921423
0.0,0.3094953
0.0,0.5788387
0.0,0.5738313
0.0,0.61048853
0.0,0.60385376
0.0,0.60385376
0.0,0.60385376
0.0,0.60385376
0.0,0.60385376
0.0,0.60385376
0.0,0.69033104
0.0,0.62534076
0.0,0.603228
0.0,0.5795854
0.0,0.50591743
0.0,0.6968059
0.0,0.50432086
0.0,0.59470046
0.0,0.71259665
0.0,0.5052737
0.0,0.57734656
0.0,0.30708128
0.0,0.6632399
0.0,0.39277902
0.0,0.64081585
0.0,0.5880733
0.0,0.5615949
0.0,0.6076917
0.0,0.5554272
0.0,0.5554272
0.0,0.5554272
0.0,0.5554272
0.0,0.5554272
0.0,0.5554272
0.0,0.5554272
0.0,0.5554272
0.0,0.5554272
0.0,0.5554272
0.0,0.5554272
0.0,0.5554272
0.0,0.5554272
0.0,0.5554272
0.0,0.5554272
0.0,0.5554272
0.0,0.5554272
0.0,0.5554272
0.0,0.5554272
0.0,0.37570542
0.0,0.3434709
0.0,0.347604
0.0,0.347604
0.0,0.347604
0.0,0.347604
0.0,0.347604
0.0,0.347604
0.0,0.347604
0.0,0.347604
0.0,0.347604
0.0,0.347604
0.0,0.347604
0.0,0.347604
0.0,0.347604
0.0,0.347604
0.0,0.347604
0.0,0.347604
0.0,0.347604
0.0,0.347604
0.0,0.347604
0.0,0.347604
0.0,0.32653394
0.0,0.36358622
0.0,0.2668348
0.0,0.29361546
0.0,0.27993724
0.0,0.3360112
0.0,0.34720904
0.0,0.31920725
0.0,0.24962781
0.0,0.28606364
0.0,0.2878105
0.0,0.32907373
0.0,0.30618018
0.0,0.31002778
0.0,0.3127687
0.0,0.27545235
0.0,0.14011401
0.0,0.12790217
0.0,0.13330577
0.0,0.24179195
0.0,0.24179195
0.0,0.24179195
0.0,0.24179195
0.0,0.24179195
0.0,0.24179195
0.0,0.24179195
0.0,0.24179195
0.0,0.24179195
0.0,0.19491652
0.0,0.32570478
0.0,0.24147573
0.0,0.2534295
0.0,0.35683858
0.0,0.16970518
0.0,0.45402026
0.0,0.5403804
0.0,0.5403804
0.0,0.5403804
0.0,0.5403804
0.0,0.59126455
0.0,0.62817156
0.0,0.54040533
0.0,0.3542139
0.0,0.35188106
0.0,0.36010364
0.0,0.4207252
0.0,0.39399785
0.0,0.49736926
0.0,0.49736926
0.0,0.49736926
0.0,0.49736926
0.0,0.49736926
0.0,0.49736926
0.0,0.49736926
0.0,0.49736926
0.0,0.49736926
0.0,0.49736926
0.0,0.49736926
0.0,0.49736926
0.0,0.49736926
0.0,0.49736926
0.0,0.49736926
0.0,0.49736926
0.0,0.49736926
0.0,0.49736926
0.0,0.49736926
0.0,0.35579476
0.0,0.39088506
0.0,0.38253352
0.0,0.44110692
0.0,0.6005452
0.0,0.43117905
0.0,0.58430934
0.0,0.44800866
0.0,0.36742556
0.0,0.36582646
0.0,0.38053197
0.0,0.46234056
0.0,0.36865023
0.0,0.3606165
0.0,0.29813936
0.0,0.620224
0.0,0.620224
0.0,0.620224
0.0,0.620224
0.0,0.620224
0.0,0.620224
0.0,0.620224
0.0,0.620224
0.0,0.27144328
0.0,0.31472102
0.0,0.34106898
0.0,0.261321
0.0,0.23703623
0.0,0.52824205
0.0,0.4650624
0.0,0.5437291
0.0,0.43351465
0.0,0.48611352
0.0,0.44802517
0.0,0.5569057
0.0,0.4868405
0.0,0.5773155
0.0,0.51782745
0.0,0.4969983
0.0,0.48454994
0.0,0.52977794
0.0,0.52977794
0.0,0.52977794
0.0,0.52977794
0.0,0.52977794
0.0,0.52977794
0.0,0.52977794
0.0,0.52977794
0.0,0.52977794
0.0,0.52977794
0.0,0.52977794
0.0,0.52977794
0.0,0.52977794
0.0,0.52977794
0.0,0.46114564
0.0,0.3900433
0.0,0.4273673
0.0,0.40992066
0.0,0.30308837
0.0,0.38487545
0.0,0.257076
0.0,0.28693873
0.0,0.5564208
0.0,0.7149081
0.0,0.56255746
0.0,0.56255746
0.0,0.56255746
0.0,0.56255746
0.0,0.56255746
0.0,0.56255746
0.0,0.56255746
0.0,0.56255746
0.0,0.56255746
0.0,0.56255746
0.0,0.56255746
0.0,0.56255746
0.0,0.56255746
0.0,0.33973557
0.0,0.5733914
0.0,0.24437451
0.0,0.21531264
0.0,0.2904192
0.0,0.2904192
0.0,0.43450612
0.0,0.7504901
0.0,0.6558367
0.0,0.6344691
0.0,0.49242768
0.0,0.6803597
0.0,0.55117166
0.0,0.48570257
0.0,0.48570257
0.0,0.48570257
0.0,0.48570257
0.0,0.48570257
0.0,0.48570257
0.0,0.48570257
0.0,0.48570257
0.0,0.48570257
0.0,0.5990162
0.0,0.7250493
0.0,0.62765163
0.0,0.27007747
0.0,0.3151851
0.0,0.32330245
0.0,0.32774195
0.0,0.2807124
0.0,0.39949322
0.0,0.6175763
0.0,0.40616342
0.0,0.28611964
0.0,0.22400287
0.0,0.6718001
0.0,0.2506262
0.0,0.20710313
0.0,0.3160062
0.0,0.27443278
0.0,0.59017766
0.0,0.59017766
0.0,0.59017766
0.0,0.59017766
0.0,0.59017766
0.0,0.59017766
0.0,0.59017766
0.0,0.59017766
0.0,0.59017766
0.0,0.59017766
0.0,0.59017766
0.0,0.59017766
0.0,0.59017766
0.0,0.59017766
0.0,0.59017766
0.0,0.59017766
0.0,0.59017766
0.0,0.5209969
0.0,0.47184354
0.0,0.47135836
0.0,0.47432745
0.0,0.49043584
0.0,0.41225624
0.0,0.44580805
0.0,0.4697412
0.0,0.41687468
0.0,0.5113409
0.0,0.49516457
0.0,0.49839762
0.0,0.4134718
0.0,0.4173295
0.0,0.42916524
0.0,0.46820834
0.0,0.46820834
0.0,0.46820834
0.0,0.46820834
0.0,0.46820834
0.0,0.46820834
0.0,0.46820834
0.0,0.46820834
0.0,0.46820834
0.0,0.46820834
0.0,0.46820834
0.0,0.46820834
0.0,0.46820834
0.0,0.46820834
0.0,0.46820834
0.0,0.46820834
0.0,0.46820834
0.0,0.46820834
0.0,0.46820834
0.0,0.46820834
0.0,0.46183446
0.0,0.492889
0.0,0.46703374
0.0,0.52190924
0.0,0.5451347
0.0,0.5345445
0.0,0.53805393
0.0,0.51729405
0.0,0.6336723
0.0,0.5741712
0.0,0.54590344
0.0,0.5125633
0.0,0.523159
0.0,0.79539615
0.0,0.79539615
0.0,0.79539615
0.0,0.79539615
0.0,0.79539615
0.0,0.79539615
0.0,0.79539615
0.0,0.79539615
0.0,0.79539615
0.0,0.79539615
0.0,0.79539615
0.0,0.79539615
0.0,0.79539615
0.0,0.79539615
0.0,0.79539615
0.0,0.79539615
0.0,0.79539615
0.0,0.79539615
0.0,0.79539615
0.0,0.59613043
0.0,0.58227825
0.0,0.5753627
0.0,0.502559
0.0,0.58443654
0.0,0.5414096
0.0,0.6187992
0.0,0.5240978
0.0,0.5680564
0.0,0.59788173
0.0,0.60536444
0.0,0.5885767
0.0,0.4312626
0.0,0.49142218
0.0,0.5596128
0.0,0.44293275
0.0,0.5933449
0.0,0.5854289
0.0,0.5145558
0.0,0.43425733
0.0,0.4854905
0.0,0.59593904
0.0,0.59593904
0.0,0.59593904
0.0,0.59593904
0.0,0.59593904
0.0,0.59593904
0.0,0.59593904
0.0,0.59593904
0.0,0.59593904
0.0,0.59593904
0.0,0.59593904
0.0,0.59593904
0.0,0.59593904
0.0,0.59593904
0.0,0.59593904
0.0,0.59593904
0.0,0.59593904
0.0,0.59593904
0.0,0.59593904
0.0,0.47358686
0.0,0.6369482
0.0,0.46669504
0.0,0.43345654
0.0,0.428789
0.0,0.412948
0.0,0.2875827
0.0,0.23664385
0.0,0.45771065
0.0,0.45423025
0.0,0.32696584
0.0,0.2820932
0.0,0.27752092
0.0,0.39980128
0.0,0.4684198
0.0,0.48032674
0.0,0.48032674
0.0,0.48032674
0.0,0.48032674
0.0,0.48032674
0.0,0.48032674
0.0,0.48032674
0.0,0.48032674
0.0,0.48032674
0.0,0.48032674
0.0,0.48032674
0.0,0.48032674
0.0,0.48032674
0.0,0.48032674
0.0,0.48032674
0.0,0.48032674
0.0,0.48032674
0.0,0.46906844
0.0,0.42459568
0.0,0.26245907
0.0,0.7388644
0.0,0.7602572
0.0,0.76568407
0.0,0.76568407
0.0,0.76568407
0.0,0.76568407
0.0,0.76568407
0.0,0.73688745
0.0,0.76411813
0.0,0.56841284
0.0,0.6561181
0.0,0.63100505
0.0,0.639367
0.0,0.6348463
0.0,0.46812177
0.0,0.75306386
0.0,0.79752076
0.0,0.7663426
0.0,0.5189295
0.0,0.38837716
0.0,0.7379607
0.0,0.7910772
0.0,0.7353474
0.0,0.67924285
0.0,0.67924285
0.0,0.67924285
0.0,0.67924285
0.0,0.67924285
0.0,0.67924285
0.0,0.67924285
0.0,0.67924285
0.0,0.67924285
0.0,0.67924285
0.0,0.67924285
0.0,0.67924285
0.0,0.67924285
0.0,0.67924285
0.0,0.67924285
0.0,0.67924285
0.0,0.67924285
0.0,0.67924285
0.0,0.580261
0.0,0.5740981
0.0,0.80512
0.0,0.7387021
0.0,0.93626827
0.0,0.93626827
0.0,0.93626827
0.0,0.93626827
0.0,0.93626827
0.0,0.93626827
0.0,0.92427814
0.0,0.748071
0.0,0.9317564
0.0,0.9202698
0.0,0.8586543
0.0,0.86016107
0.0,0.8686228
0.0,0.8686228
0.0,0.8686228
0.0,0.8686228
0.0,0.8686228
0.0,0.8686228
0.0,0.8686228
0.0,0.8686228
0.0,0.8686228
0.0,0.8686228
0.0,0.8686228
0.0,0.8686228
0.0,0.8686228
0.0,0.8686228
0.0,0.8686228
0.0,0.8686228
0.0,0.8686228
0.0,0.8686228
0.0,0.8686228
0.0,0.8686228
0.0,0.8468451
0.0,0.83894914
0.0,0.784599
0.0,0.7850002
0.0,0.8312894
0.0,0.8711686
0.0,0.7893777
0.0,0.7937708
0.0,0.75849724
0.0,0.80199975
0.0,0.826498
0.0,0.8046401
0.0,0.8088881
0.0,0.86089426
0.0,0.8259692
0.0,0.73110914
0.0,0.8643943
0.0,0.37491024
0.0,0.37992886
0.0,0.4016757
0.0,0.40161514
0.0,0.525612
0.0,0.39108345
0.0,0.36035168
0.0,0.3913098
0.0,0.39619195
0.0,0.5242477
0.0,0.52858716
0.0,0.39129087
0.0,0.3953592
0.0,0.38481966
0.0,0.37817004
0.0,0.40193674
0.0,0.40193674
0.0,0.40193674
0.0,0.40193674
0.0,0.40193674
0.0,0.40193674
0.0,0.40193674
0.0,0.40193674
0.0,0.40193674
0.0,0.40193674
0.0,0.40193674
0.0,0.40193674
0.0,0.40193674
0.0,0.40193674
0.0,0.40193674
0.0,0.40193674
0.0,0.40193674
0.0,0.40193674
0.0,0.40193674
0.0,0.40193674
0.0,0.36699972
0.0,0.47455198
0.0,0.39662576
0.0,0.3565845
0.0,0.4404513
0.0,0.5657699
0.0,0.5657699
0.0,0.5657699
0.0,0.5657699
0.0,0.5657699
0.0,0.31407836
0.0,0.5283167
0.0,0.43578035
0.0,0.50596917
0.0,0.5237175
0.0,0.5237199
0.0,0.46919507
0.0,0.57723624
0.0,0.5503679
0.0,0.5559898
0.0,0.4386247
0.0,0.55672926
0.0,0.55672926
0.0,0.55672926
0.0,0.55672926
0.0,0.55672926
0.0,0.55672926
0.0,0.55672926
0.0,0.55672926
0.0,0.55672926
0.0,0.55672926
0.0,0.55672926
0.0,0.55672926
0.0,0.55672926
0.0,0.55672926
0.0,0.55672926
0.0,0.55672926
0.0,0.55751145
0.0,0.55457836
0.0,0.5109907
0.0,0.4726764
0.0,0.53676516
0.0,0.46394807
0.0,0.4745942
0.0,0.6109602
0.0,0.6100777
0.0,0.38905293
0.0,0.38905293
0.0,0.38905293
0.0,0.42437238
0.0,0.5650994
0.0,0.5352422
0.0,0.50165135
0.0,0.45344773
0.0,0.35709715
0.0,0.40711296
0.0,0.40029323
0.0,0.43955988
0.0,0.4235912
0.0,0.38874713
0.0,0.3743546
0.0,0.61181045
0.0,0.4039739
0.0,0.6107266
0.0,0.6107266
0.0,0.6107266
0.0,0.6107266
0.0,0.6107266
0.0,0.6107266
0.0,0.6107266
0.0,0.6107266
0.0,0.6107266
0.0,0.6107266
0.0,0.6107266
0.0,0.6107266
0.0,0.6107266
0.0,0.6107266
0.0,0.6107266
0.0,0.48997957
0.0,0.41639447
0.0,0.42631072
0.0,0.23357587
0.0,0.33828428
0.0,0.4385132
0.0,0.22891758
0.0,0.53905565
0.0,0.4324303
0.0,0.4324303
0.0,0.4324303
0.0,0.4324303
0.0,0.4324303
0.0,0.4324303
0.0,0.4324303
0.0,0.4324303
0.0,0.4324303
0.0,0.4324303
0.0,0.4324303
0.0,0.4324303
0.0,0.4324303
0.0,0.37484896
0.0,0.22993192
0.0,0.32877934
0.0,0.4463774
0.0,0.5577899
0.0,0.59759593
0.0,0.42656523
0.0,0.56210256
0.0,0.5035247
0.0,0.5035247
0.0,0.5035247
0.0,0.5035247
0.0,0.5035247
0.0,0.53130966
0.0,0.81604236
0.0,0.81604236
0.0,0.81604236
0.0,0.81604236
0.0,0.81604236
0.0,0.81604236
0.0,0.81604236
0.0,0.81604236
0.0,0.81604236
0.0,0.6025115
0.0,0.6889591
0.0,0.78634
0.0,0.62857366
0.0,0.5889072
0.0,0.78922844
0.0,0.71817565
0.0,0.84112024
0.0,0.6930365
0.0,0.43219563
0.0,0.26874584
0.0,0.2115153
0.0,0.19621675
0.0,0.44633302
0.0,0.2120449
0.0,0.18659976
0.0,0.26656494
0.0,0.55163854
0.0,0.44510806
0.0,0.61450285
0.0,0.61450285
0.0,0.61450285
0.0,0.61450285
0.0,0.61450285
0.0,0.61450285
0.0,0.61450285
0.0,0.61450285
0.0,0.61450285
0.0,0.61450285
0.0,0.61450285
0.0,0.61450285
0.0,0.61450285
0.0,0.61450285
0.0,0.61450285
0.0,0.61450285
0.0,0.61450285
0.0,0.58741385
0.0,0.18838051
0.0,0.6116134
0.0,0.23886265
0.0,0.47024307
0.0,0.6926893
0.0,0.6926893
0.0,0.6926893
0.0,0.6926893
0.0,0.6926893
0.0,0.6926893
0.0,0.6926893
0.0,0.6926893
0.0,0.6926893
0.0,0.6926893
0.0,0.6926893
0.0,0.6926893
0.0,0.6926893
0.0,0.6926893
0.0,0.6926893
0.0,0.6926893
0.0,0.6926893
0.0,0.6926893
0.0,0.6926893
0.0,0.6926893
0.0,0.7081594
0.0,0.69687104
0.0,0.6823695
0.0,0.5708132
0.0,0.6722775
0.0,0.44801056
0.0,0.6699647
0.0,0.695003
0.0,0.5722568
0.0,0.5599837
0.0,0.6887529
0.0,0.6542906
0.0,0.49782595
0.0,0.66822636
0.0,0.6286886
0.0,0.6777833
0.0,0.55854714
0.0,0.54579705
0.0,0.65465695
0.0,0.65436244
0.0,0.70297635
0.0,0.7024831
0.0,0.70604545
0.0,0.7968794
0.0,0.8769522
0.0,0.64664036
0.0,0.71180815
0.0,0.6653114
0.0,0.91938114
0.0,0.76446587
0.0,0.8821061
0.0,0.8821061
0.0,0.8821061
0.0,0.8821061
0.0,0.8821061
0.0,0.8821061
0.0,0.8821061
0.0,0.8821061
0.0,0.8821061
0.0,0.8821061
0.0,0.8821061
0.0,0.8821061
0.0,0.8821061
0.0,0.8821061
0.0,0.8821061
0.0,0.8821061
0.0,0.8821061
0.0,0.8821061
0.0,0.6581145
0.0,0.67388207
0.0,0.7048257
0.0,0.87086606
0.0,0.6498195
0.0,0.69404304
0.0,0.6814492
0.0,0.6740637
0.0,0.58428264
0.0,0.6709617
0.0,0.5959414
0.0,0.7045054
0.0,0.6798433
0.0,0.77023757
0.0,0.70388675
0.0,0.52437466
0.0,0.58388525
0.0,0.67833674
0.0,0.69810146
0.0,0.69497234
0.0,0.69497234
0.0,0.69497234
0.0,0.69497234
0.0,0.69497234
0.0,0.69497234
0.0,0.69497234
0.0,0.69497234
0.0,0.69497234
0.0,0.69497234
0.0,0.69497234
0.0,0.69497234
0.0,0.69497234
0.0,0.69497234
0.0,0.69497234
0.0,0.69497234
0.0,0.69497234
0.0,0.69703704
0.0,0.6775007
0.0,0.6257531
0.0,0.747875
0.0,0.7111072
0.0,0.62717915
0.0,0.7424377
0.0,0.7424377
0.0,0.7424377
0.0,0.7424377
0.0,0.7424377
0.0,0.7424377
0.0,0.7424377
0.0,0.7424377
0.0,0.7424377
0.0,0.7424377
0.0,0.7424377
0.0,0.7424377
0.0,0.7424377
0.0,0.7424377
0.0,0.7424377
0.0,0.63267756
0.0,0.7437919
0.0,0.6244272
0.0,0.72108024
0.0,0.65980595
0.0,0.68867457
0.0,0.70713806
0.0,0.5580785
0.0,0.6120643
0.0,0.5598596
0.0,0.54431933
0.0,0.6325123
0.0,0.681916
0.0,0.5566521
0.0,0.5805769
0.0,0.5805769
0.0,0.5805769
0.0,0.5805769
0.0,0.5805769
0.0,0.5805769
0.0,0.5805769
0.0,0.5805769
0.0,0.5805769
0.0,0.5805769
0.0,0.5805769
0.0,0.5805769
0.0,0.5805769
0.0,0.5805769
0.0,0.5805769
0.0,0.5805769
0.0,0.5805769
0.0,0.47144338
0.0,0.39691606
0.0,0.570076
0.0,0.4380357
0.0,0.639869
0.0,0.5079907
0.0,0.58962375
0.0,0.6450735
0.0,0.66143537
0.0,0.59000766
0.0,0.5399953
0.0,0.5435745
0.0,0.5854128
0.0,0.81471145
0.0,0.71681476
0.0,0.58201003
0.0,0.6029275
0.0,0.56393903
0.0,0.7902845
0.0,0.77014
0.0,0.70205575
0.0,0.73410237
0.0,0.75970507
0.0,0.75970507
0.0,0.75970507
0.0,0.75970507
0.0,0.75970507
0.0,0.75970507
0.0,0.75970507
0.0,0.75970507
0.0,0.75970507
0.0,0.75970507
0.0,0.75970507
0.0,0.75970507
0.0,0.75970507
0.0,0.75970507
0.0,0.75970507
0.0,0.75970507
0.0,0.75970507
0.0,0.75970507
0.0,0.75970507
0.0,0.75970507
0.0,0.5445198
0.0,0.7462551
0.0,0.54099697
0.0,0.7149897
0.0,0.5401982
0.0,0.5401982
0.0,0.5401982
0.0,0.5401982
0.0,0.5401982
0.0,0.5401982
0.0,0.5401982
0.0,0.5401982
0.0,0.4262979
0.0,0.46006858
0.0,0.48121533
0.0,0.474235
0.0,0.57473445
0.0,0.56622624
0.0,0.7125476
0.0,0.71625805
0.0,0.78043413
0.0,0.78043413
0.0,0.78043413
0.0,0.78043413
0.0,0.78043413
0.0,0.78043413
0.0,0.78043413
0.0,0.8304052
0.0,0.73363227
0.0,0.7787583
0.0,0.70082116
0.0,0.6995097
0.0,0.5397967
0.0,0.505447
0.0,0.5170081
0.0,0.50127244
0.0,0.41287774
0.0,0.47171506
0.0,0.4135787
0.0,0.4728263
0.0,0.45787495
0.0,0.4389406
0.0,0.39685965
0.0,0.5346837
0.0,0.5346837
0.0,0.5346837
0.0,0.5346837
0.0,0.5346837
0.0,0.5346837
0.0,0.5346837
0.0,0.5346837
0.0,0.5346837
0.0,0.5346837
0.0,0.5346837
0.0,0.5346837
0.0,0.5346837
0.0,0.5346837
0.0,0.5346837
0.0,0.5346837
0.0,0.5346837
0.0,0.5346837
0.0,0.5346837
0.0,0.5346837
0.0,0.3680111
0.0,0.5705345
0.0,0.5416903
0.0,0.51889664
0.0,0.5539187
0.0,0.43754864
0.0,0.43566585
0.0,0.40956384
0.0,0.45709738
0.0,0.45978534
0.0,0.4875863
0.0,0.4875863
0.0,0.4875863
0.0,0.4875863
0.0,0.4875863
0.0,0.4875863
0.0,0.44683078
0.0,0.4440436
0.0,0.5418491
0.0,0.5462235
0.0,0.5216144
0.0,0.53156
0.0,0.5797803
0.0,0.59116906
0.0,0.5969411
0.0,0.6491775
0.0,0.6491775
0.0,0.6491775
0.0,0.6491775
0.0,0.6491775
0.0,0.6491775
0.0,0.6491775
0.0,0.6491775
0.0,0.6491775
0.0,0.6491775
0.0,0.6491775
0.0,0.6491775
0.0,0.6491775
0.0,0.6491775
0.0,0.6491775
0.0,0.6491775
0.0,0.6491775
0.0,0.6491775
0.0,0.6491775
0.0,0.6491775
0.0,0.5363393
0.0,0.66603595
0.0,0.5842732
0.0,0.5412854
0.0,0.6311005
0.0,0.6496087
0.0,0.71429014
0.0,0.509529
0.0,0.6610571
0.0,0.48265192
0.0,0.4746147
0.0,0.48129064
0.0,0.58929807
0.0,0.6838668
0.0,0.4951296
0.0,0.47806323
0.0,0.4640501
0.0,0.5831581
0.0,0.55527663
0.0,0.5101756
0.0,0.49441692
0.0,0.5680457
0.0,0.53788996
0.0,0.57796437
0.0,0.463333
0.0,0.52821004
0.0,0.52821004
0.0,0.52821004
0.0,0.52821004
0.0,0.52821004
0.0,0.52821004
0.0,0.52821004
0.0,0.52821004
0.0,0.52821004
0.0,0.52821004
0.0,0.52821004
0.0,0.52821004
0.0,0.52821004
0.0,0.52821004
0.0,0.52821004
0.0,0.52821004
0.0,0.52821004
0.0,0.52821004
0.0,0.52821004
0.0,0.52821004
0.0,0.4646324
0.0,0.5316411
0.0,0.49735463
0.0,0.47031146
0.0,0.48665464
0.0,0.40461516
0.0,0.58083385
0.0,0.5325827
0.0,0.5325827
0.0,0.5325827
0.0,0.5325827
0.0,0.5325827
0.0,0.5325827
0.0,0.5325827
0.0,0.5325827
0.0,0.5325827
0.0,0.5325827
0.0,0.5325827
0.0,0.48369744
0.0,0.46678197
0.0,0.41732326
0.0,0.50857335
0.0,0.5329302
0.0,0.45489058
0.0,0.34161484
0.0,0.7250447
0.0,0.6445905
0.0,0.6286253
0.0,0.44120064
0.0,0.27571625
0.0,0.27571625
0.0,0.27571625
0.0,0.27571625
0.0,0.2399514
0.0,0.21215391
0.0,0.37957087
0.0,0.33132544
0.0,0.33741906
0.0,0.5776293
0.0,0.44031757
0.0,0.43958098
0.0,0.50073373
0.0,0.4579607
0.0,0.6747991
0.0,0.6747991
0.0,0.6747991
0.0,0.6747991
0.0,0.6747991
0.0,0.6747991
0.0,0.6747991
0.0,0.6747991
0.0,0.6747991
0.0,0.6747991
0.0,0.6747991
0.0,0.6747991
0.0,0.6747991
0.0,0.6747991
0.0,0.6747991
0.0,0.6747991
0.0,0.6747991
0.0,0.45071706
0.0,0.6455468
0.0,0.43636602
0.0,0.4083899
0.0,0.3904668
0.0,0.47315946
0.0,0.39055726
0.0,0.7016637
0.0,0.7016637
0.0,0.7016637
0.0,0.7016637
0.0,0.7016637
0.0,0.6447202
0.0,0.5638782
0.0,0.48041984
0.0,0.57679933
0.0,0.51012194
0.0,0.3263585
0.0,0.3263585
0.0,0.3263585
0.0,0.3550806
0.0,0.3235955
0.0,0.3077514
0.0,0.6959724
0.0,0.7803922
0.0,0.7803922
0.0,0.7803922
0.0,0.7803922
0.0,0.7803922
0.0,0.7803922
0.0,0.7803922
0.0,0.7803922
0.0,0.7803922
0.0,0.7803922
0.0,0.7803922
0.0,0.7803922
0.0,0.7803922
0.0,0.7803922
0.0,0.7803922
0.0,0.7803922
0.0,0.7803922
0.0,0.7803922
0.0,0.7803922
0.0,0.7803922
0.0,0.7858824
0.0,0.7876611
0.0,0.6159294
0.0,0.86056554
0.0,0.8785136
0.0,0.8020834
0.0,0.85977226
0.0,0.6295015
0.0,0.6480961
0.0,0.78613955
0.0,0.8690305
0.0,0.8703913
0.0,0.83574146
0.0,0.7394091
0.0,0.7837646
0.0,0.72796977
0.0,0.8473179
0.0,0.9135509
0.0,0.9176546
0.0,0.94944686
0.0,0.9536444
0.0,0.9210621
0.0,0.9005503
0.0,0.7885135
0.0,0.95491767
0.0,0.9493438
0.0,0.9493438
0.0,0.9493438
0.0,0.9493438
0.0,0.9493438
0.0,0.9493438
0.0,0.9493438
0.0,0.9493438
0.0,0.9493438
0.0,0.9493438
0.0,0.9493438
0.0,0.9493438
0.0,0.9493438
0.0,0.94419533
0.0,0.88639945
0.0,0.8885054
0.0,0.91095805
0.0,0.94048995
0.0,0.87246966
0.0,0.82859933
0.0,0.91007775
0.0,0.8698672
0.0,0.8838147
0.0,0.8838147
0.0,0.8838147
0.0,0.8838147
0.0,0.8838147
0.0,0.8838147
0.0,0.62431335
0.0,0.6558122
0.0,0.66949165
0.0,0.65455
0.0,0.49374261
0.0,0.53102106
0.0,0.67423904
0.0,0.48323652
0.0,0.680132
0.0,0.680132
0.0,0.680132
0.0,0.680132
0.0,0.680132
0.0,0.680132
0.0,0.680132
0.0,0.680132
0.0,0.680132
0.0,0.680132
0.0,0.680132
0.0,0.680132
0.0,0.680132
0.0,0.680132
0.0,0.680132
0.0,0.680132
0.0,0.680132
0.0,0.680132
0.0,0.680132
0.0,0.680132
0.0,0.6598694
0.0,0.42256004
0.0,0.5397549
0.0,0.53417975
0.0,0.56239086
0.0,0.5548725
0.0,0.6754801
0.0,0.5797288
0.0,0.6815869
0.0,0.4999354
0.0,0.35318586
0.0,0.3608388
0.0,0.3414113
0.0,0.3325921
0.0,0.32546005
0.0,0.32546005
0.0,0.32546005
0.0,0.32546005
0.0,0.32546005
0.0,0.32546005
0.0,0.32546005
0.0,0.40911725
0.0,0.40540138
0.0,0.4264295
0.0,0.37654042
0.0,0.3522439
0.0,0.31215036
0.0,0.55583274
0.0,0.51939213
0.0,0.34230933
0.0,0.3171213
0.0,0.3171213
0.0,0.3171213
0.0,0.3171213
0.0,0.3171213
0.0,0.3171213
0.0,0.3171213
0.0,0.3171213
0.0,0.3171213
0.0,0.3171213
0.0,0.3171213
0.0,0.3171213
0.0,0.3171213
0.0,0.3171213
0.0,0.3171213
0.0,0.3171213
0.0,0.3171213
0.0,0.3171213
0.0,0.3171213
0.0,0.35817453
0.0,0.28115103
0.0,0.5285931
0.0,0.49398005
0.0,0.46556413
0.0,0.4121458
0.0,0.26627067
0.0,0.41842133
0.0,0.52928275
0.0,0.5310311
0.0,0.5310311
0.0,0.47897375
0.0,0.55978096
0.0,0.41741943
0.0,0.38094857
0.0,0.35328314
0.0,0.3165852
0.0,0.31486815
0.0,0.4086385
0.0,0.31219858
0.0,0.30133277
0.0,0.4265885
0.0,0.29868275
0.0,0.24634069
0.0,0.4086706
0.0,0.3251304
0.0,0.43900704
0.0,0.42557767
0.0,0.42557767
0.0,0.42557767
0.0,0.42557767
0.0,0.42557767
0.0,0.42557767
0.0,0.42557767
0.0,0.42557767
0.0,0.42557767
0.0,0.42557767
0.0,0.42557767
0.0,0.42557767
0.0,0.42557767
0.0,0.42557767
0.0,0.42557767
0.0,0.42557767
0.0,0.42557767
0.0,0.42557767
0.0,0.42557767
0.0,0.42557767
0.0,0.28747255
0.0,0.42526525
0.0,0.3002174
0.0,0.31624803
0.0,0.7487969
0.0,0.71162987
0.0,0.6997747
0.0,0.732936
0.0,0.74360716
0.0,0.7215425
0.0,0.7215464
0.0,0.6818501
0.0,0.6094119
0.0,0.7909179
0.0,0.6960381
0.0,0.80251646
0.0,0.8040301
0.0,0.69923425
0.0,0.81534386
0.0,0.81534386
0.0,0.81534386
0.0,0.81534386
0.0,0.81534386
0.0,0.81534386
0.0,0.81534386
0.0,0.81534386
0.0,0.81534386
0.0,0.81534386
0.0,0.81534386
0.0,0.81534386
0.0,0.81534386
0.0,0.81534386
0.0,0.81534386
0.0,0.81534386
0.0,0.81534386
0.0,0.81534386
0.0,0.69094414
0.0,0.7237436
0.0,0.40399832
0.0,0.47367874
0.0,0.5332412
0.0,0.5332412
0.0,0.5332412
0.0,0.5332412
0.0,0.5332412
0.0,0.5332412
0.0,0.5332412
0.0,0.5332412
0.0,0.5332412
0.0,0.5332412
0.0,0.5332412
0.0,0.5332412
0.0,0.3512989
0.0,0.3614153
0.0,0.35563752
0.0,0.46257713
0.0,0.34280887
0.0,0.38906235
0.0,0.35484967
0.0,0.38100347
0.0,0.44321725
0.0,0.34953496
0.0,0.3453185
0.0,0.35568514
0.0,0.3271517
0.0,0.33141616
0.0,0.33114904
0.0,0.23504211
0.0,0.24116361
0.0,0.15342663
0.0,0.3843729
0.0,0.34428665
0.0,0.34428665
0.0,0.34428665
0.0,0.34428665
0.0,0.34428665
0.0,0.34428665
0.0,0.34428665
0.0,0.34428665
0.0,0.34428665
0.0,0.34428665
0.0,0.34428665
0.0,0.34428665
0.0,0.34428665
0.0,0.34428665
0.0,0.34428665
0.0,0.2428173
0.0,0.3505153
0.0,0.31386444
0.0,0.3285198
0.0,0.2852083
0.0,0.2648102
0.0,0.5736775
0.0,0.5444699
0.0,0.49480632
0.0,0.4514611
0.0,0.4198878
0.0,0.5444863
0.0,0.4205618
0.0,0.45083255
0.0,0.45083255
0.0,0.45083255
0.0,0.45083255
0.0,0.45083255
0.0,0.45083255
0.0,0.45083255
0.0,0.45083255
0.0,0.45083255
0.0,0.45083255
0.0,0.45083255
0.0,0.45083255
0.0,0.45083255
0.0,0.45083255
0.0,0.45083255
0.0,0.45083255
0.0,0.45083255
0.0,0.45083255
0.0,0.47003233
0.0,0.4353503
0.0,0.59798974
0.0,0.49419266
0.0,0.55671865
0.0,0.5472262
0.0,0.559402
0.0,0.47350577
0.0,0.57138664
0.0,0.69319344
0.0,0.6593859
0.0,0.6738315
0.0,0.49974003
0.0,0.6424075
0.0,0.6426896
0.0,0.57966125
0.0,0.47541195
0.0,0.70046234
0.0,0.70046234
0.0,0.70046234
0.0,0.70046234
0.0,0.70046234
0.0,0.70046234
0.0,0.70046234
0.0,0.70046234
0.0,0.70046234
0.0,0.70046234
0.0,0.70046234
0.0,0.70046234
0.0,0.70046234
0.0,0.69957185
0.0,0.6377616
0.0,0.5275068
